Pos	x	FALSE	TRUE
chr1:6390664	TRUE	0.454	0.546
chr1:6661634	FALSE	0.532	0.468
chr1:8064999	FALSE	0.557	0.443
chr1:8120528	FALSE	0.728	0.272
chr1:8508675	TRUE	0.36	0.64
chr1:8570921	TRUE	0.409	0.591
chr1:10891302	TRUE	0.396	0.604
chr1:12038938	TRUE	0.431	0.569
chr1:16012613	FALSE	0.817	0.183
chr1:16840781	FALSE	0.54	0.46
chr1:17222679	FALSE	0.626	0.374
chr1:19537315	FALSE	0.758	0.242
chr1:19889663	TRUE	0.374	0.626
chr1:20736819	TRUE	0.362	0.638
chr1:20808281	TRUE	0.421	0.579
chr1:24604098	TRUE	0.398	0.602
chr1:24739062	FALSE	0.752	0.248
chr1:25054456	TRUE	0.338	0.662
chr1:26828332	FALSE	0.886	0.114
chr1:27323861	TRUE	0.427	0.573
chr1:29597021	TRUE	0.483	0.517
chr1:30129508	TRUE	0.426	0.574
chr1:32110727	FALSE	0.575	0.425
chr1:32297650	TRUE	0.409	0.591
chr1:34462964	TRUE	0.453	0.547
chr1:35736218	TRUE	0.46	0.54
chr1:37116283	FALSE	0.62	0.38
chr1:39658973	TRUE	0.447	0.553
chr1:44703959	TRUE	0.484	0.516
chr1:45451019	FALSE	0.81	0.19
chr1:45814496	TRUE	0.412	0.588
chr1:46598484	TRUE	0.436	0.564
chr1:47798551	TRUE	0.475	0.525
chr1:51442812	FALSE	0.517	0.483
chr1:52344525	FALSE	0.579	0.421
chr1:53914905	FALSE	0.631	0.369
chr1:54204480	TRUE	0.425	0.575
chr1:57887737	TRUE	0.496	0.504
chr1:59164272	FALSE	0.785	0.215
chr1:65383266	FALSE	0.791	0.209
chr1:67064801	FALSE	0.599	0.401
chr1:71546539	TRUE	0.486	0.514
chr1:82269515	FALSE	0.51	0.49
chr1:82270649	FALSE	0.712	0.288
chr1:84805377	FALSE	0.568	0.432
chr1:85809589	FALSE	0.687	0.313
chr1:89590948	TRUE	0.448	0.552
chr1:92035596	TRUE	0.359	0.641
chr1:92049746	TRUE	0.421	0.579
chr1:94793099	FALSE	0.507	0.493
chr1:96938325	TRUE	0.393	0.607
chr1:98871515	TRUE	0.486	0.514
chr1:99732430	TRUE	0.489	0.511
chr1:109263733	TRUE	0.444	0.556
chr1:110333498	FALSE	0.825	0.175
chr1:110502184	FALSE	0.84	0.16
chr1:110933466	FALSE	0.633	0.367
chr1:115212190	FALSE	0.667	0.333
chr1:117425000	TRUE	0.453	0.547
chr1:120191434	TRUE	0.462	0.538
chr1:145002736	FALSE	0.598	0.402
chr1:145039998	FALSE	0.558	0.442
chr1:147071136	TRUE	0.451	0.549
chr1:149783921	FALSE	0.52	0.48
chr1:150228408	TRUE	0.475	0.525
chr1:150534993	TRUE	0.453	0.547
chr1:151227240	FALSE	0.533	0.467
chr1:152008450	FALSE	0.643	0.357
chr1:153479503	TRUE	0.456	0.544
chr1:153540812	FALSE	0.878	0.122
chr1:153671036	TRUE	0.362	0.638
chr1:153762585	TRUE	0.396	0.604
chr1:153963231	FALSE	0.505	0.495
chr1:154380245	FALSE	0.637	0.363
chr1:154600414	FALSE	0.579	0.421
chr1:154927590	FALSE	0.73	0.27
chr1:155140398	FALSE	0.793	0.207
chr1:155181362	TRUE	0.415	0.585
chr1:155830884	TRUE	0.422	0.578
chr1:155939631	TRUE	0.427	0.573
chr1:155990772	FALSE	0.609	0.391
chr1:156022819	FALSE	0.665	0.335
chr1:156096841	FALSE	0.534	0.466
chr1:157015644	FALSE	0.591	0.409
chr1:157963765	FALSE	0.591	0.409
chr1:157972529	TRUE	0.463	0.537
chr1:158970185	FALSE	0.653	0.347
chr1:159825151	TRUE	0.449	0.551
chr1:161187512	TRUE	0.438	0.562
chr1:161510492	FALSE	0.516	0.484
chr1:164607613	TRUE	0.483	0.517
chr1:167765409	TRUE	0.406	0.594
chr1:171751706	FALSE	0.524	0.476
chr1:172110924	TRUE	0.421	0.579
chr1:172902359	TRUE	0.5	0.5
chr1:173381274	TRUE	0.492	0.508
chr1:176435899	TRUE	0.425	0.575
chr1:181058504	TRUE	0.426	0.574
chr1:182757959	TRUE	0.459	0.541
chr1:183237366	TRUE	0.416	0.584
chr1:183237446	TRUE	0.432	0.568
chr1:183237529	TRUE	0.467	0.533
chr1:183237597	TRUE	0.476	0.524
chr1:183440796	TRUE	0.462	0.538
chr1:183792192	FALSE	0.612	0.388
chr1:184019322	TRUE	0.474	0.526
chr1:185285885	FALSE	0.708	0.292
chr1:192116160	TRUE	0.453	0.547
chr1:192509352	FALSE	0.726	0.274
chr1:193073517	TRUE	0.483	0.517
chr1:201084045	FALSE	0.57	0.43
chr1:201916435	FALSE	0.68	0.32
chr1:202055345	TRUE	0.498	0.502
chr1:203449322	TRUE	0.423	0.577
chr1:203475512	TRUE	0.368	0.632
chr1:203504654	TRUE	0.42	0.58
chr1:205114718	TRUE	0.446	0.554
chr1:205569157	TRUE	0.48	0.52
chr1:207071768	TRUE	0.391	0.609
chr1:208412585	FALSE	0.513	0.487
chr1:211688336	FALSE	0.517	0.483
chr1:212460057	FALSE	0.796	0.204
chr1:212840277	TRUE	0.441	0.559
chr1:215739386	FALSE	0.538	0.462
chr1:221612869	TRUE	0.472	0.528
chr1:227001978	TRUE	0.496	0.504
chr1:227016005	FALSE	0.524	0.476
chr1:227070475	FALSE	0.536	0.464
chr1:227503873	FALSE	0.608	0.392
chr1:228269906	FALSE	0.583	0.417
chr1:228757888	TRUE	0.413	0.587
chr1:233085843	FALSE	0.823	0.177
chr1:234737437	FALSE	0.596	0.404
chr1:234750234	FALSE	0.507	0.493
chr1:235070489	TRUE	0.372	0.628
chr1:245935817	TRUE	0.481	0.519
chr1:247372849	TRUE	0.489	0.511
chr10:343170	TRUE	0.407	0.593
chr10:3133343	FALSE	0.608	0.392
chr10:4284705	TRUE	0.379	0.621
chr10:4287571	FALSE	0.585	0.415
chr10:6183297	TRUE	0.47	0.53
chr10:6233721	FALSE	0.762	0.238
chr10:6341509	FALSE	0.585	0.415
chr10:7859239	TRUE	0.46	0.54
chr10:7861718	FALSE	0.674	0.326
chr10:13344354	FALSE	0.805	0.195
chr10:13749486	FALSE	0.506	0.494
chr10:13767565	TRUE	0.443	0.557
chr10:13880930	TRUE	0.465	0.535
chr10:14050145	FALSE	0.645	0.355
chr10:14115902	TRUE	0.394	0.606
chr10:14645851	TRUE	0.458	0.542
chr10:17715129	FALSE	0.798	0.202
chr10:22518913	FALSE	0.513	0.487
chr10:27794367	FALSE	0.688	0.312
chr10:29346874	TRUE	0.496	0.504
chr10:29698980	TRUE	0.446	0.554
chr10:29824347	FALSE	0.528	0.472
chr10:31997850	FALSE	0.508	0.492
chr10:35486339	FALSE	0.663	0.337
chr10:49797158	TRUE	0.41	0.59
chr10:54067684	FALSE	0.525	0.475
chr10:60217895	TRUE	0.483	0.517
chr10:60336762	FALSE	0.556	0.444
chr10:61297255	TRUE	0.475	0.525
chr10:61340241	FALSE	0.548	0.452
chr10:63682733	TRUE	0.447	0.553
chr10:63734158	TRUE	0.421	0.579
chr10:63889711	TRUE	0.479	0.521
chr10:63993144	FALSE	0.743	0.257
chr10:69832582	FALSE	0.717	0.283
chr10:70482304	FALSE	0.673	0.327
chr10:70716104	TRUE	0.45	0.55
chr10:71953240	TRUE	0.485	0.515
chr10:72969034	TRUE	0.484	0.516
chr10:73611032	FALSE	0.793	0.207
chr10:74002972	TRUE	0.432	0.568
chr10:74454990	FALSE	0.767	0.233
chr10:75701688	TRUE	0.499	0.501
chr10:76969668	TRUE	0.455	0.545
chr10:80167765	FALSE	0.688	0.312
chr10:81206705	FALSE	0.712	0.288
chr10:81915389	TRUE	0.462	0.538
chr10:81963648	TRUE	0.446	0.554
chr10:88280935	FALSE	0.703	0.297
chr10:88281343	TRUE	0.485	0.515
chr10:89197499	TRUE	0.423	0.577
chr10:93058182	TRUE	0.399	0.601
chr10:93393388	TRUE	0.499	0.501
chr10:95143838	FALSE	0.557	0.443
chr10:95226064	FALSE	0.785	0.215
chr10:95231505	FALSE	0.565	0.435
chr10:102632205	TRUE	0.426	0.574
chr10:102760147	FALSE	0.525	0.475
chr10:104170687	FALSE	0.616	0.384
chr10:105498186	TRUE	0.461	0.539
chr10:106069907	TRUE	0.472	0.528
chr10:111841958	TRUE	0.462	0.538
chr10:111970065	FALSE	0.639	0.361
chr10:112132633	TRUE	0.464	0.536
chr10:114818816	FALSE	0.556	0.444
chr10:114819463	FALSE	0.526	0.474
chr10:121076755	FALSE	0.62	0.38
chr10:121409492	FALSE	0.713	0.287
chr10:121415451	FALSE	0.501	0.499
chr10:121418162	TRUE	0.472	0.528
chr10:121567615	FALSE	0.542	0.458
chr10:121652217	FALSE	0.561	0.439
chr10:123900335	FALSE	0.563	0.437
chr10:126029928	FALSE	0.53	0.47
chr10:126688405	FALSE	0.521	0.479
chr10:126781591	FALSE	0.546	0.454
chr10:127103756	FALSE	0.601	0.399
chr10:128087649	FALSE	0.689	0.311
chr10:129173338	TRUE	0.482	0.518
chr10:129816681	FALSE	0.518	0.482
chr10:135500402	FALSE	0.599	0.401
chr11:449464	FALSE	0.787	0.213
chr11:1894756	TRUE	0.42	0.58
chr11:2846825	FALSE	0.508	0.492
chr11:4116448	FALSE	0.511	0.489
chr11:8854244	TRUE	0.426	0.574
chr11:9809641	TRUE	0.425	0.575
chr11:10731460	TRUE	0.411	0.589
chr11:10920752	FALSE	0.766	0.234
chr11:18405678	FALSE	0.832	0.168
chr11:19940893	FALSE	0.676	0.324
chr11:22476295	TRUE	0.494	0.506
chr11:27744165	TRUE	0.443	0.557
chr11:33279921	FALSE	0.587	0.413
chr11:35310283	FALSE	0.521	0.479
chr11:35344905	FALSE	0.662	0.338
chr11:35571553	FALSE	0.659	0.341
chr11:36034106	TRUE	0.495	0.505
chr11:43703893	FALSE	0.794	0.206
chr11:44596669	TRUE	0.438	0.562
chr11:44825440	FALSE	0.619	0.381
chr11:45169025	FALSE	0.531	0.469
chr11:46265659	FALSE	0.535	0.465
chr11:46867702	FALSE	0.764	0.236
chr11:47279583	FALSE	0.801	0.199
chr11:47292670	FALSE	0.71	0.29
chr11:47434780	TRUE	0.432	0.568
chr11:47447758	TRUE	0.489	0.511
chr11:47879344	FALSE	0.631	0.369
chr11:57126326	TRUE	0.414	0.586
chr11:57297168	FALSE	0.813	0.187
chr11:59328237	FALSE	0.793	0.207
chr11:60553721	TRUE	0.459	0.541
chr11:61158392	TRUE	0.491	0.509
chr11:61439329	FALSE	0.505	0.495
chr11:61501089	TRUE	0.46	0.54
chr11:61690302	TRUE	0.384	0.616
chr11:61868283	TRUE	0.363	0.637
chr11:62276134	TRUE	0.484	0.516
chr11:62420223	FALSE	0.796	0.204
chr11:63648274	TRUE	0.416	0.584
chr11:63755051	FALSE	0.515	0.485
chr11:63976053	TRUE	0.412	0.588
chr11:64691545	FALSE	0.722	0.278
chr11:65268626	FALSE	0.506	0.494
chr11:65270272	FALSE	0.654	0.346
chr11:65271209	FALSE	0.667	0.333
chr11:65479411	FALSE	0.69	0.31
chr11:65488258	FALSE	0.516	0.484
chr11:65626752	FALSE	0.785	0.215
chr11:66026210	TRUE	0.431	0.569
chr11:66081240	FALSE	0.705	0.295
chr11:67008561	FALSE	0.527	0.473
chr11:67157088	TRUE	0.456	0.544
chr11:68941045	TRUE	0.466	0.534
chr11:70243134	FALSE	0.768	0.232
chr11:71749933	TRUE	0.5	0.5
chr11:72296912	TRUE	0.402	0.598
chr11:72387963	TRUE	0.441	0.559
chr11:72868060	TRUE	0.4	0.6
chr11:73025771	TRUE	0.403	0.597
chr11:75946600	TRUE	0.484	0.516
chr11:76572967	FALSE	0.529	0.471
chr11:77751962	TRUE	0.386	0.614
chr11:77761370	FALSE	0.579	0.421
chr11:77850675	FALSE	0.563	0.437
chr11:78128310	TRUE	0.442	0.558
chr11:94579053	TRUE	0.478	0.522
chr11:95894107	TRUE	0.436	0.564
chr11:103601164	TRUE	0.472	0.528
chr11:104855864	TRUE	0.465	0.535
chr11:118481646	TRUE	0.406	0.594
chr11:118760767	FALSE	0.538	0.462
chr11:119979060	FALSE	0.507	0.493
chr11:121800235	FALSE	0.594	0.406
chr11:126349958	TRUE	0.458	0.542
chr11:128328629	FALSE	0.542	0.458
chr11:131985618	TRUE	0.468	0.532
chr11:133004585	TRUE	0.467	0.533
chr12:1710952	FALSE	0.777	0.223
chr12:2353519	FALSE	0.567	0.433
chr12:2922349	FALSE	0.564	0.436
chr12:3837658	TRUE	0.451	0.549
chr12:4140154	FALSE	0.569	0.431
chr12:5565481	TRUE	0.464	0.536
chr12:6578800	FALSE	0.505	0.495
chr12:6982004	FALSE	0.626	0.374
chr12:7046538	TRUE	0.442	0.558
chr12:8087324	FALSE	0.754	0.246
chr12:9102254	FALSE	0.565	0.435
chr12:13161631	FALSE	0.5	0.5
chr12:15724752	FALSE	0.628	0.372
chr12:15943089	FALSE	0.724	0.276
chr12:20366584	FALSE	0.794	0.206
chr12:24102690	FALSE	0.62	0.38
chr12:25980354	FALSE	0.524	0.476
chr12:27664519	TRUE	0.394	0.606
chr12:31227077	FALSE	0.54	0.46
chr12:31635893	FALSE	0.528	0.472
chr12:42983316	TRUE	0.413	0.587
chr12:50927927	FALSE	0.53	0.47
chr12:52419623	TRUE	0.466	0.534
chr12:52636898	FALSE	0.698	0.302
chr12:53689776	TRUE	0.453	0.547
chr12:53834275	FALSE	0.815	0.185
chr12:54069442	FALSE	0.721	0.279
chr12:54813125	TRUE	0.477	0.523
chr12:59990579	TRUE	0.482	0.518
chr12:64240984	TRUE	0.454	0.546
chr12:65701239	TRUE	0.477	0.523
chr12:65721859	TRUE	0.486	0.514
chr12:66025736	FALSE	0.715	0.285
chr12:67829571	TRUE	0.454	0.546
chr12:69005547	FALSE	0.517	0.483
chr12:69864042	FALSE	0.654	0.346
chr12:77718164	FALSE	0.636	0.364
chr12:93985854	FALSE	0.668	0.332
chr12:94072192	FALSE	0.783	0.217
chr12:94178470	FALSE	0.584	0.416
chr12:96652688	TRUE	0.465	0.535
chr12:98897927	FALSE	0.536	0.464
chr12:98898061	TRUE	0.434	0.566
chr12:98898187	TRUE	0.47	0.53
chr12:104676260	FALSE	0.51	0.49
chr12:105955263	FALSE	0.542	0.458
chr12:106065668	TRUE	0.407	0.593
chr12:109784840	FALSE	0.607	0.393
chr12:112035214	FALSE	0.775	0.225
chr12:118768726	FALSE	0.551	0.449
chr12:118814365	FALSE	0.56	0.44
chr12:118814411	TRUE	0.479	0.521
chr12:120933027	FALSE	0.527	0.473
chr12:120965785	FALSE	0.759	0.241
chr12:121652387	TRUE	0.464	0.536
chr12:122232589	FALSE	0.531	0.469
chr12:123319109	FALSE	0.707	0.293
chr12:123403704	FALSE	0.519	0.481
chr12:124864164	FALSE	0.732	0.268
chr12:125230548	TRUE	0.456	0.544
chr12:125288855	TRUE	0.471	0.529
chr12:125424798	FALSE	0.669	0.331
chr12:132221898	TRUE	0.499	0.501
chr12:133082163	TRUE	0.466	0.534
chr12:133705717	FALSE	0.512	0.488
chr13:21143110	FALSE	0.547	0.453
chr13:27134916	FALSE	0.657	0.343
chr13:33700016	FALSE	0.859	0.141
chr13:40976782	TRUE	0.486	0.514
chr13:40976880	TRUE	0.459	0.541
chr13:44888074	TRUE	0.481	0.519
chr13:45752696	TRUE	0.4	0.6
chr13:47243415	FALSE	0.536	0.464
chr13:49343476	FALSE	0.518	0.482
chr13:50073792	TRUE	0.409	0.591
chr13:61158862	TRUE	0.486	0.514
chr13:76123283	FALSE	0.885	0.115
chr13:76800689	TRUE	0.407	0.593
chr13:77600507	FALSE	0.501	0.499
chr13:77904171	FALSE	0.523	0.477
chr13:95932003	TRUE	0.441	0.559
chr13:98531115	TRUE	0.358	0.642
chr13:98531116	TRUE	0.362	0.638
chr13:110963800	FALSE	0.521	0.479
chr13:111566161	FALSE	0.712	0.288
chr13:113834597	FALSE	0.567	0.433
chr13:113871773	FALSE	0.774	0.226
chr13:114108515	TRUE	0.452	0.548
chr13:114568337	FALSE	0.693	0.307
chr13:114568777	FALSE	0.642	0.358
chr13:114632324	FALSE	0.652	0.348
chr13:114871793	TRUE	0.432	0.568
chr13:114880594	FALSE	0.608	0.392
chr13:114886160	FALSE	0.78	0.22
chr14:21150062	FALSE	0.553	0.447
chr14:21438972	FALSE	0.669	0.331
chr14:23398850	FALSE	0.503	0.497
chr14:24682402	FALSE	0.585	0.415
chr14:24716169	TRUE	0.438	0.562
chr14:33180505	TRUE	0.441	0.559
chr14:36348963	FALSE	0.615	0.385
chr14:39585148	TRUE	0.466	0.534
chr14:51233272	TRUE	0.489	0.511
chr14:51890777	FALSE	0.54	0.46
chr14:52328332	FALSE	0.667	0.333
chr14:52889811	TRUE	0.473	0.527
chr14:53173076	TRUE	0.493	0.507
chr14:53509777	TRUE	0.423	0.577
chr14:54038636	TRUE	0.389	0.611
chr14:55519629	TRUE	0.437	0.563
chr14:60798692	TRUE	0.486	0.514
chr14:61944220	TRUE	0.45	0.55
chr14:62432456	FALSE	0.658	0.342
chr14:64193526	FALSE	0.675	0.325
chr14:65172425	TRUE	0.465	0.535
chr14:65228175	FALSE	0.524	0.476
chr14:69257116	TRUE	0.412	0.588
chr14:69417301	FALSE	0.867	0.133
chr14:73928394	FALSE	0.816	0.184
chr14:74352852	TRUE	0.496	0.504
chr14:75530330	FALSE	0.529	0.471
chr14:89021629	TRUE	0.473	0.527
chr14:90849555	FALSE	0.769	0.231
chr14:91391152	TRUE	0.442	0.558
chr14:96602782	TRUE	0.432	0.568
chr14:96669639	TRUE	0.496	0.504
chr14:103575443	FALSE	0.526	0.474
chr14:105149685	FALSE	0.555	0.445
chr14:105219741	TRUE	0.44	0.56
chr14:105881798	TRUE	0.424	0.576
chr15:23033773	FALSE	0.571	0.429
chr15:25684375	FALSE	0.573	0.427
chr15:38544358	TRUE	0.465	0.535
chr15:38592190	FALSE	0.532	0.468
chr15:39803652	TRUE	0.492	0.508
chr15:40395535	TRUE	0.404	0.596
chr15:40633227	FALSE	0.555	0.445
chr15:40675104	FALSE	0.524	0.476
chr15:40987240	FALSE	0.656	0.344
chr15:45004812	FALSE	0.617	0.383
chr15:45492453	FALSE	0.738	0.262
chr15:49375780	TRUE	0.425	0.575
chr15:52471648	FALSE	0.596	0.404
chr15:59280402	FALSE	0.717	0.283
chr15:59466964	TRUE	0.497	0.503
chr15:59950298	FALSE	0.758	0.242
chr15:63381658	FALSE	0.7	0.3
chr15:63504523	FALSE	0.51	0.49
chr15:63666155	TRUE	0.476	0.524
chr15:63667470	FALSE	0.704	0.296
chr15:63773444	FALSE	0.634	0.366
chr15:63889076	TRUE	0.477	0.523
chr15:65596551	TRUE	0.426	0.574
chr15:67224565	FALSE	0.558	0.442
chr15:67239216	FALSE	0.541	0.459
chr15:71148014	FALSE	0.673	0.327
chr15:73895705	FALSE	0.694	0.306
chr15:75229107	FALSE	0.738	0.262
chr15:75628117	FALSE	0.738	0.262
chr15:76628025	FALSE	0.537	0.463
chr15:77195947	TRUE	0.47	0.53
chr15:77789920	TRUE	0.499	0.501
chr15:77818864	TRUE	0.414	0.586
chr15:82202313	FALSE	0.534	0.466
chr15:83738175	TRUE	0.417	0.583
chr15:86246607	FALSE	0.522	0.478
chr15:89530602	FALSE	0.836	0.164
chr15:89596659	TRUE	0.408	0.592
chr15:90371290	FALSE	0.559	0.441
chr15:90744456	TRUE	0.41	0.59
chr15:93429903	FALSE	0.522	0.478
chr15:96865419	TRUE	0.447	0.553
chr15:99995847	TRUE	0.44	0.56
chr15:101261600	FALSE	0.773	0.227
chr16:164012	FALSE	0.808	0.192
chr16:2954627	FALSE	0.558	0.442
chr16:3694758	TRUE	0.496	0.504
chr16:4010871	TRUE	0.492	0.508
chr16:4357110	TRUE	0.495	0.505
chr16:11178009	TRUE	0.476	0.524
chr16:11453884	FALSE	0.595	0.405
chr16:11733622	TRUE	0.48	0.52
chr16:14165808	FALSE	0.845	0.155
chr16:14166959	FALSE	0.781	0.219
chr16:14166982	FALSE	0.781	0.219
chr16:15188290	FALSE	0.599	0.401
chr16:20917979	FALSE	0.529	0.471
chr16:24739786	FALSE	0.799	0.201
chr16:29816900	FALSE	0.639	0.361
chr16:30645879	FALSE	0.554	0.446
chr16:30959105	TRUE	0.453	0.547
chr16:31190315	FALSE	0.768	0.232
chr16:47147989	FALSE	0.515	0.485
chr16:50573062	FALSE	0.544	0.456
chr16:51190072	FALSE	0.555	0.445
chr16:58427089	FALSE	0.579	0.421
chr16:58449170	TRUE	0.389	0.611
chr16:58662241	FALSE	0.771	0.229
chr16:66186738	TRUE	0.439	0.561
chr16:66784900	FALSE	0.636	0.364
chr16:70382251	TRUE	0.425	0.575
chr16:72912237	FALSE	0.725	0.275
chr16:73084065	FALSE	0.88	0.12
chr16:77757379	FALSE	0.816	0.184
chr16:84854238	TRUE	0.499	0.501
chr16:85239778	TRUE	0.38	0.62
chr16:86597663	FALSE	0.713	0.287
chr16:86870534	TRUE	0.351	0.649
chr16:87839900	FALSE	0.534	0.466
chr16:88184369	TRUE	0.353	0.647
chr16:88849072	FALSE	0.649	0.351
chr16:90039308	FALSE	0.545	0.455
chr17:855368	FALSE	0.762	0.238
chr17:1811760	TRUE	0.479	0.521
chr17:1967510	TRUE	0.435	0.565
chr17:1987137	TRUE	0.446	0.554
chr17:4872102	FALSE	0.557	0.443
chr17:5025555	FALSE	0.542	0.458
chr17:5025558	FALSE	0.544	0.456
chr17:7183472	FALSE	0.586	0.414
chr17:7210524	FALSE	0.512	0.488
chr17:8514796	FALSE	0.538	0.462
chr17:8578452	FALSE	0.523	0.477
chr17:12530366	FALSE	0.504	0.496
chr17:13266632	TRUE	0.453	0.547
chr17:13464998	TRUE	0.489	0.511
chr17:14373994	FALSE	0.735	0.265
chr17:15166837	FALSE	0.714	0.286
chr17:17217180	TRUE	0.43	0.57
chr17:21226748	TRUE	0.457	0.543
chr17:26413733	FALSE	0.567	0.433
chr17:26897924	FALSE	0.512	0.488
chr17:27483320	FALSE	0.758	0.242
chr17:27485992	TRUE	0.421	0.579
chr17:30067091	TRUE	0.415	0.585
chr17:37557539	TRUE	0.497	0.503
chr17:37606318	FALSE	0.527	0.473
chr17:37895954	FALSE	0.516	0.484
chr17:38221561	TRUE	0.477	0.523
chr17:38460794	FALSE	0.556	0.444
chr17:38488063	TRUE	0.466	0.534
chr17:38501987	TRUE	0.498	0.502
chr17:38574609	TRUE	0.432	0.568
chr17:38713303	FALSE	0.74	0.26
chr17:39822853	FALSE	0.761	0.239
chr17:40305527	TRUE	0.411	0.589
chr17:40688110	FALSE	0.51	0.49
chr17:41392393	TRUE	0.461	0.539
chr17:41445837	FALSE	0.512	0.488
chr17:41747614	TRUE	0.393	0.607
chr17:42633146	FALSE	0.541	0.459
chr17:43025192	TRUE	0.482	0.518
chr17:43227568	FALSE	0.68	0.32
chr17:43239685	TRUE	0.496	0.504
chr17:43306334	TRUE	0.432	0.568
chr17:43463091	FALSE	0.537	0.463
chr17:46560300	TRUE	0.479	0.521
chr17:46633277	FALSE	0.633	0.367
chr17:46657769	FALSE	0.566	0.434
chr17:46662723	FALSE	0.539	0.461
chr17:48250029	TRUE	0.489	0.511
chr17:48317520	FALSE	0.572	0.428
chr17:48796701	FALSE	0.641	0.359
chr17:48796893	FALSE	0.501	0.499
chr17:49009402	FALSE	0.855	0.145
chr17:49162304	FALSE	0.615	0.385
chr17:55998874	TRUE	0.466	0.534
chr17:57287378	FALSE	0.618	0.382
chr17:57700115	FALSE	0.72	0.28
chr17:57906815	FALSE	0.534	0.466
chr17:59487636	TRUE	0.436	0.564
chr17:59535567	FALSE	0.542	0.458
chr17:59537310	TRUE	0.417	0.583
chr17:60501624	FALSE	0.592	0.408
chr17:61044368	FALSE	0.531	0.469
chr17:61537832	FALSE	0.601	0.399
chr17:62224230	FALSE	0.514	0.486
chr17:62658962	FALSE	0.521	0.479
chr17:63053872	FALSE	0.685	0.315
chr17:66016117	FALSE	0.534	0.466
chr17:72375725	FALSE	0.564	0.436
chr17:73402792	FALSE	0.676	0.324
chr17:73864251	TRUE	0.46	0.54
chr17:74525832	TRUE	0.464	0.536
chr17:75388282	TRUE	0.415	0.585
chr17:77005296	TRUE	0.392	0.608
chr17:77005297	FALSE	0.614	0.386
chr17:78074511	FALSE	0.706	0.294
chr17:78120088	TRUE	0.467	0.533
chr17:78726260	TRUE	0.447	0.553
chr17:79397149	FALSE	0.583	0.417
chr17:79828383	TRUE	0.433	0.567
chr18:5463613	FALSE	0.659	0.341
chr18:9594800	TRUE	0.45	0.55
chr18:12679274	FALSE	0.713	0.287
chr18:21083318	FALSE	0.568	0.432
chr18:21417721	TRUE	0.402	0.598
chr18:22928487	FALSE	0.513	0.487
chr18:24129709	FALSE	0.608	0.392
chr18:29674171	FALSE	0.519	0.481
chr18:33738712	TRUE	0.471	0.529
chr18:33888688	FALSE	0.65	0.35
chr18:34252987	FALSE	0.581	0.419
chr18:44497314	FALSE	0.58	0.42
chr18:52613689	FALSE	0.548	0.452
chr18:53447195	FALSE	0.554	0.446
chr18:55474690	TRUE	0.389	0.611
chr18:56530396	FALSE	0.793	0.207
chr18:59274233	FALSE	0.503	0.497
chr18:66486009	TRUE	0.494	0.506
chr18:74205303	TRUE	0.49	0.51
chr18:74643112	TRUE	0.426	0.574
chr18:74777410	FALSE	0.881	0.119
chr18:74920348	TRUE	0.385	0.615
chr18:77439493	FALSE	0.558	0.442
chr19:3035124	TRUE	0.398	0.602
chr19:3344383	FALSE	0.526	0.474
chr19:4415742	TRUE	0.475	0.525
chr19:4722572	TRUE	0.431	0.569
chr19:8373075	TRUE	0.403	0.597
chr19:10527716	FALSE	0.503	0.497
chr19:13947767	TRUE	0.386	0.614
chr19:13990827	FALSE	0.691	0.309
chr19:14480797	TRUE	0.398	0.602
chr19:15217425	TRUE	0.377	0.623
chr19:15392027	TRUE	0.449	0.551
chr19:15490381	TRUE	0.484	0.516
chr19:16186785	FALSE	0.514	0.486
chr19:16438917	TRUE	0.434	0.566
chr19:18474886	FALSE	0.554	0.446
chr19:18596455	TRUE	0.379	0.621
chr19:19679925	TRUE	0.424	0.576
chr19:35492033	TRUE	0.456	0.544
chr19:35758116	TRUE	0.448	0.552
chr19:37663733	FALSE	0.537	0.463
chr19:39896250	FALSE	0.594	0.406
chr19:40971688	FALSE	0.608	0.392
chr19:41119383	FALSE	0.623	0.377
chr19:41193170	TRUE	0.413	0.587
chr19:41817723	TRUE	0.455	0.545
chr19:43266267	FALSE	0.508	0.492
chr19:43608570	FALSE	0.511	0.489
chr19:45600605	FALSE	0.562	0.438
chr19:48697695	TRUE	0.457	0.543
chr19:48927593	FALSE	0.557	0.443
chr19:49092449	FALSE	0.556	0.444
chr19:49589521	FALSE	0.65	0.35
chr19:49895351	FALSE	0.514	0.486
chr19:54704651	FALSE	0.52	0.48
chr19:55597642	TRUE	0.482	0.518
chr19:55987711	TRUE	0.474	0.526
chr19:55995364	FALSE	0.549	0.451
chr19:56097389	FALSE	0.504	0.496
chr19:56633708	FALSE	0.749	0.251
chr19:58790466	FALSE	0.696	0.304
chr2:1576616	TRUE	0.438	0.562
chr2:3390265	TRUE	0.462	0.538
chr2:7116324	TRUE	0.449	0.551
chr2:8825659	FALSE	0.574	0.426
chr2:9282613	TRUE	0.444	0.556
chr2:10585723	FALSE	0.596	0.404
chr2:18740503	FALSE	0.75	0.25
chr2:19320737	FALSE	0.635	0.365
chr2:20248700	FALSE	0.603	0.397
chr2:22114366	TRUE	0.482	0.518
chr2:27580735	FALSE	0.707	0.293
chr2:27712611	FALSE	0.706	0.294
chr2:28619630	FALSE	0.536	0.464
chr2:28671823	FALSE	0.674	0.326
chr2:28672779	TRUE	0.368	0.632
chr2:28914440	FALSE	0.684	0.316
chr2:29686643	FALSE	0.625	0.375
chr2:31510807	TRUE	0.403	0.597
chr2:36587570	FALSE	0.52	0.48
chr2:38894443	TRUE	0.436	0.564
chr2:43299584	FALSE	0.56	0.44
chr2:43358220	TRUE	0.455	0.545
chr2:43577323	FALSE	0.602	0.398
chr2:44001129	FALSE	0.567	0.433
chr2:46385161	TRUE	0.471	0.529
chr2:46402846	FALSE	0.828	0.172
chr2:46406286	FALSE	0.531	0.469
chr2:46563663	FALSE	0.522	0.478
chr2:47142432	FALSE	0.612	0.388
chr2:47150367	FALSE	0.523	0.477
chr2:55328431	TRUE	0.433	0.567
chr2:62931761	FALSE	0.853	0.147
chr2:62931795	FALSE	0.603	0.397
chr2:64245679	FALSE	0.805	0.195
chr2:65086136	FALSE	0.814	0.186
chr2:65663600	FALSE	0.689	0.311
chr2:66809029	FALSE	0.504	0.496
chr2:67124669	TRUE	0.418	0.582
chr2:67488020	TRUE	0.413	0.587
chr2:68546269	FALSE	0.697	0.303
chr2:73291123	TRUE	0.449	0.551
chr2:74057272	FALSE	0.776	0.224
chr2:74213479	FALSE	0.52	0.48
chr2:74943630	FALSE	0.59	0.41
chr2:74968332	FALSE	0.562	0.438
chr2:75873886	FALSE	0.526	0.474
chr2:85092423	TRUE	0.422	0.578
chr2:85116944	FALSE	0.529	0.471
chr2:85358429	TRUE	0.466	0.534
chr2:85875523	TRUE	0.419	0.581
chr2:86065431	FALSE	0.535	0.465
chr2:97405575	FALSE	0.525	0.475
chr2:100634863	TRUE	0.401	0.599
chr2:101619800	FALSE	0.669	0.331
chr2:102644300	FALSE	0.511	0.489
chr2:102680416	FALSE	0.544	0.456
chr2:102681506	FALSE	0.913	0.087
chr2:102744332	FALSE	0.521	0.479
chr2:105993409	FALSE	0.501	0.499
chr2:106103704	FALSE	0.545	0.455
chr2:109258169	TRUE	0.467	0.533
chr2:111436136	FALSE	0.768	0.232
chr2:118943278	FALSE	0.53	0.47
chr2:120567134	FALSE	0.527	0.473
chr2:121289058	TRUE	0.49	0.51
chr2:121651748	FALSE	0.665	0.335
chr2:121673552	TRUE	0.471	0.529
chr2:128052271	FALSE	0.543	0.457
chr2:132442052	TRUE	0.441	0.559
chr2:145209150	TRUE	0.435	0.565
chr2:151344338	TRUE	0.414	0.586
chr2:157257668	FALSE	0.585	0.415
chr2:158731543	FALSE	0.552	0.448
chr2:160372593	FALSE	0.539	0.461
chr2:161232918	FALSE	0.816	0.184
chr2:161727845	TRUE	0.361	0.639
chr2:163117677	TRUE	0.444	0.556
chr2:167351405	FALSE	0.593	0.407
chr2:171078242	FALSE	0.515	0.485
chr2:174900842	TRUE	0.429	0.571
chr2:175205302	FALSE	0.617	0.383
chr2:175709847	FALSE	0.568	0.432
chr2:178109633	FALSE	0.521	0.479
chr2:182756988	TRUE	0.402	0.598
chr2:183581859	TRUE	0.454	0.546
chr2:188404966	FALSE	0.679	0.321
chr2:189957883	FALSE	0.54	0.46
chr2:190308156	TRUE	0.456	0.544
chr2:192043767	FALSE	0.507	0.493
chr2:192129416	TRUE	0.414	0.586
chr2:201391023	FALSE	0.814	0.186
chr2:201728491	FALSE	0.668	0.332
chr2:201794514	TRUE	0.446	0.554
chr2:208576391	FALSE	0.505	0.495
chr2:208732032	TRUE	0.491	0.509
chr2:216177099	FALSE	0.79	0.21
chr2:218203923	FALSE	0.535	0.465
chr2:218296174	FALSE	0.559	0.441
chr2:218799506	FALSE	0.822	0.178
chr2:219081512	FALSE	0.564	0.436
chr2:219596537	TRUE	0.424	0.576
chr2:220159496	TRUE	0.458	0.542
chr2:223859768	TRUE	0.398	0.602
chr2:224888182	FALSE	0.513	0.487
chr2:224890919	TRUE	0.45	0.55
chr2:225734194	TRUE	0.459	0.541
chr2:227620084	TRUE	0.442	0.558
chr2:231282447	FALSE	0.64	0.36
chr2:231919950	TRUE	0.423	0.577
chr2:231933450	FALSE	0.554	0.446
chr2:232531124	TRUE	0.499	0.501
chr2:232653060	FALSE	0.742	0.258
chr2:235678162	TRUE	0.426	0.574
chr2:235858332	FALSE	0.579	0.421
chr2:237907065	TRUE	0.426	0.574
chr2:238090272	FALSE	0.508	0.492
chr2:238164469	TRUE	0.482	0.518
chr2:238582584	TRUE	0.417	0.583
chr2:239757079	FALSE	0.503	0.497
chr2:241327301	FALSE	0.516	0.484
chr2:242000815	TRUE	0.385	0.615
chr20:2795378	FALSE	0.506	0.494
chr20:2852963	TRUE	0.486	0.514
chr20:3725806	TRUE	0.452	0.548
chr20:3801709	FALSE	0.571	0.429
chr20:4018321	TRUE	0.339	0.661
chr20:4554985	FALSE	0.536	0.464
chr20:4775668	TRUE	0.417	0.583
chr20:4917861	FALSE	0.52	0.48
chr20:6556064	FALSE	0.6	0.4
chr20:8000207	FALSE	0.562	0.438
chr20:10650590	FALSE	0.783	0.217
chr20:11196619	FALSE	0.503	0.497
chr20:13496411	TRUE	0.452	0.548
chr20:17823085	TRUE	0.358	0.642
chr20:23129408	FALSE	0.521	0.479
chr20:24484528	FALSE	0.577	0.423
chr20:30466705	TRUE	0.456	0.544
chr20:31063996	FALSE	0.556	0.444
chr20:32495356	TRUE	0.406	0.594
chr20:33110362	FALSE	0.527	0.473
chr20:33290761	FALSE	0.665	0.335
chr20:33900068	FALSE	0.787	0.213
chr20:33922643	FALSE	0.512	0.488
chr20:34330425	FALSE	0.587	0.413
chr20:35476798	FALSE	0.712	0.288
chr20:36013158	TRUE	0.487	0.513
chr20:37590992	TRUE	0.476	0.524
chr20:44718728	TRUE	0.45	0.55
chr20:46130445	TRUE	0.471	0.529
chr20:48554992	TRUE	0.411	0.589
chr20:48730157	FALSE	0.643	0.357
chr20:48769880	FALSE	0.523	0.477
chr20:48781923	FALSE	0.795	0.205
chr20:52208457	TRUE	0.436	0.564
chr20:52209163	FALSE	0.73	0.27
chr20:52384756	FALSE	0.542	0.458
chr20:54936018	FALSE	0.642	0.358
chr20:54987911	FALSE	0.527	0.473
chr20:58324508	TRUE	0.44	0.56
chr20:58509142	FALSE	0.557	0.443
chr20:60164998	TRUE	0.464	0.536
chr20:61450937	FALSE	0.63	0.37
chr20:61902601	FALSE	0.77	0.23
chr21:17541589	FALSE	0.504	0.496
chr21:26743038	FALSE	0.52	0.48
chr21:27308112	FALSE	0.663	0.337
chr21:30257956	FALSE	0.773	0.227
chr21:30396113	TRUE	0.45	0.55
chr21:34099183	FALSE	0.522	0.478
chr21:36208374	TRUE	0.476	0.524
chr21:39251373	TRUE	0.463	0.537
chr21:40376914	TRUE	0.453	0.547
chr21:40758789	TRUE	0.497	0.503
chr21:43654963	TRUE	0.478	0.522
chr21:45029608	TRUE	0.409	0.591
chr21:46859493	TRUE	0.447	0.553
chr21:47252462	TRUE	0.407	0.593
chr21:47469356	TRUE	0.416	0.584
chr21:47473033	TRUE	0.46	0.54
chr22:17831308	FALSE	0.588	0.412
chr22:19718289	TRUE	0.389	0.611
chr22:21212767	FALSE	0.54	0.46
chr22:21270338	FALSE	0.802	0.198
chr22:21995050	TRUE	0.458	0.542
chr22:21995927	TRUE	0.467	0.533
chr22:22296727	FALSE	0.729	0.271
chr22:23560015	FALSE	0.527	0.473
chr22:23560018	FALSE	0.527	0.473
chr22:24642464	TRUE	0.453	0.547
chr22:24796979	TRUE	0.417	0.583
chr22:26947910	TRUE	0.477	0.523
chr22:30651413	FALSE	0.809	0.191
chr22:31497460	TRUE	0.44	0.56
chr22:34263123	TRUE	0.449	0.551
chr22:36044987	FALSE	0.554	0.446
chr22:36835499	TRUE	0.349	0.651
chr22:37727412	TRUE	0.464	0.536
chr22:37816006	TRUE	0.477	0.523
chr22:37941832	FALSE	0.847	0.153
chr22:39183798	TRUE	0.378	0.622
chr22:40744162	FALSE	0.813	0.187
chr22:41489026	FALSE	0.525	0.475
chr22:44991856	TRUE	0.417	0.583
chr22:45131958	TRUE	0.462	0.538
chr22:45925136	TRUE	0.423	0.577
chr3:332245	TRUE	0.482	0.518
chr3:5025918	FALSE	0.737	0.263
chr3:8502940	FALSE	0.5	0.5
chr3:8596871	TRUE	0.456	0.544
chr3:10232610	FALSE	0.54	0.46
chr3:11323516	TRUE	0.483	0.517
chr3:11520360	TRUE	0.414	0.586
chr3:11642223	FALSE	0.767	0.233
chr3:11684820	TRUE	0.492	0.508
chr3:16288985	TRUE	0.43	0.57
chr3:28382424	TRUE	0.486	0.514
chr3:33839126	FALSE	0.506	0.494
chr3:37284158	FALSE	0.754	0.246
chr3:38159566	TRUE	0.479	0.521
chr3:38539146	FALSE	0.77	0.23
chr3:42074281	TRUE	0.397	0.603
chr3:45548826	TRUE	0.488	0.512
chr3:45593113	TRUE	0.487	0.513
chr3:48754970	TRUE	0.429	0.571
chr3:49057450	FALSE	0.529	0.471
chr3:49130652	FALSE	0.808	0.192
chr3:50301265	FALSE	0.698	0.302
chr3:51616294	TRUE	0.407	0.593
chr3:51740976	TRUE	0.431	0.569
chr3:52322085	FALSE	0.526	0.474
chr3:53303350	TRUE	0.489	0.511
chr3:53544671	FALSE	0.549	0.451
chr3:56830425	TRUE	0.423	0.577
chr3:71161930	FALSE	0.721	0.279
chr3:71179135	FALSE	0.506	0.494
chr3:73815277	TRUE	0.345	0.655
chr3:77088171	TRUE	0.476	0.524
chr3:99978577	TRUE	0.491	0.509
chr3:100852586	TRUE	0.475	0.525
chr3:101498551	FALSE	0.787	0.213
chr3:110132878	FALSE	0.565	0.435
chr3:110133881	FALSE	0.535	0.465
chr3:111815093	FALSE	0.737	0.263
chr3:113379916	TRUE	0.421	0.579
chr3:115375982	FALSE	0.792	0.208
chr3:120139513	TRUE	0.461	0.539
chr3:120334852	TRUE	0.454	0.546
chr3:122101853	FALSE	0.654	0.346
chr3:123337910	FALSE	0.64	0.36
chr3:123419665	FALSE	0.541	0.459
chr3:123509724	FALSE	0.556	0.444
chr3:123517829	FALSE	0.838	0.162
chr3:126721180	TRUE	0.451	0.549
chr3:127408139	FALSE	0.508	0.492
chr3:129042931	TRUE	0.376	0.624
chr3:134032917	FALSE	0.845	0.155
chr3:134051681	FALSE	0.85	0.15
chr3:134092140	FALSE	0.523	0.477
chr3:136470662	FALSE	0.524	0.476
chr3:136580062	FALSE	0.572	0.428
chr3:138413382	FALSE	0.553	0.447
chr3:141052898	TRUE	0.451	0.549
chr3:141150745	TRUE	0.42	0.58
chr3:141205640	FALSE	0.592	0.408
chr3:141208004	FALSE	0.803	0.197
chr3:142297121	FALSE	0.593	0.407
chr3:147015809	TRUE	0.384	0.616
chr3:148897203	FALSE	0.515	0.485
chr3:149126750	FALSE	0.811	0.189
chr3:152019687	TRUE	0.437	0.563
chr3:156255029	FALSE	0.502	0.498
chr3:156530499	TRUE	0.5	0.5
chr3:158188931	TRUE	0.449	0.551
chr3:167977280	TRUE	0.438	0.562
chr3:169384396	TRUE	0.476	0.524
chr3:169944386	FALSE	0.837	0.163
chr3:170426904	TRUE	0.49	0.51
chr3:172469661	FALSE	0.541	0.459
chr3:174987084	TRUE	0.456	0.544
chr3:177197262	FALSE	0.703	0.297
chr3:179039535	FALSE	0.572	0.428
chr3:181175206	TRUE	0.429	0.571
chr3:182895712	FALSE	0.645	0.355
chr3:183613218	TRUE	0.381	0.619
chr3:184184339	FALSE	0.532	0.468
chr3:184301110	FALSE	0.628	0.372
chr3:184483752	TRUE	0.376	0.624
chr3:187467566	FALSE	0.518	0.482
chr3:188430743	TRUE	0.489	0.511
chr3:190284923	FALSE	0.557	0.443
chr3:194303937	FALSE	0.505	0.495
chr3:195384069	FALSE	0.795	0.205
chr3:195405404	TRUE	0.462	0.538
chr3:195687950	TRUE	0.415	0.585
chr4:1194412	TRUE	0.432	0.568
chr4:1202550	FALSE	0.507	0.493
chr4:4109433	TRUE	0.497	0.503
chr4:5711662	TRUE	0.484	0.516
chr4:6770290	TRUE	0.472	0.528
chr4:6893857	FALSE	0.553	0.447
chr4:7023744	TRUE	0.434	0.566
chr4:15923680	TRUE	0.446	0.554
chr4:16845955	TRUE	0.492	0.508
chr4:20320567	TRUE	0.379	0.621
chr4:24473532	TRUE	0.428	0.572
chr4:24780411	FALSE	0.519	0.481
chr4:24858465	TRUE	0.42	0.58
chr4:25818639	FALSE	0.786	0.214
chr4:26460717	FALSE	0.537	0.463
chr4:38080076	TRUE	0.433	0.567
chr4:39529344	TRUE	0.441	0.559
chr4:49097857	FALSE	0.587	0.413
chr4:52711049	TRUE	0.49	0.51
chr4:52711091	FALSE	0.526	0.474
chr4:54766623	TRUE	0.402	0.598
chr4:55379617	TRUE	0.423	0.577
chr4:57086643	TRUE	0.451	0.549
chr4:57253216	FALSE	0.825	0.175
chr4:57927806	TRUE	0.447	0.553
chr4:58029978	TRUE	0.432	0.568
chr4:71588510	FALSE	0.699	0.301
chr4:71599921	TRUE	0.408	0.592
chr4:72062537	TRUE	0.458	0.542
chr4:74783135	TRUE	0.469	0.531
chr4:76639680	TRUE	0.399	0.601
chr4:76933969	TRUE	0.449	0.551
chr4:77911314	TRUE	0.378	0.622
chr4:77924367	TRUE	0.433	0.567
chr4:77944750	TRUE	0.43	0.57
chr4:87932959	FALSE	0.514	0.486
chr4:103352321	FALSE	0.542	0.458
chr4:110624119	TRUE	0.497	0.503
chr4:114880599	FALSE	0.569	0.431
chr4:119198652	TRUE	0.488	0.512
chr4:119689775	TRUE	0.37	0.63
chr4:122140709	TRUE	0.43	0.57
chr4:123379952	FALSE	0.704	0.296
chr4:123499239	TRUE	0.445	0.555
chr4:129404899	TRUE	0.49	0.51
chr4:140588676	FALSE	0.522	0.478
chr4:140656454	TRUE	0.495	0.505
chr4:141072842	TRUE	0.439	0.561
chr4:141678363	FALSE	0.513	0.487
chr4:143186227	FALSE	0.791	0.209
chr4:143326503	FALSE	0.505	0.495
chr4:157700775	TRUE	0.452	0.548
chr4:157823222	TRUE	0.398	0.602
chr4:159689431	FALSE	0.795	0.205
chr4:169753650	FALSE	0.532	0.468
chr4:177712696	TRUE	0.455	0.545
chr4:183370463	TRUE	0.471	0.529
chr4:185282870	TRUE	0.496	0.504
chr4:185595062	TRUE	0.487	0.513
chr4:186759774	TRUE	0.439	0.561
chr4:187589928	TRUE	0.465	0.535
chr5:430712	TRUE	0.478	0.522
chr5:1344014	FALSE	0.7	0.3
chr5:6712850	FALSE	0.574	0.426
chr5:9543754	TRUE	0.446	0.554
chr5:10352009	FALSE	0.804	0.196
chr5:14810272	TRUE	0.483	0.517
chr5:16856886	TRUE	0.482	0.518
chr5:16872042	FALSE	0.633	0.367
chr5:16934443	FALSE	0.513	0.487
chr5:17130296	FALSE	0.781	0.219
chr5:32027196	FALSE	0.603	0.397
chr5:33890594	TRUE	0.466	0.534
chr5:33891449	TRUE	0.441	0.559
chr5:34490190	TRUE	0.383	0.617
chr5:34588733	FALSE	0.584	0.416
chr5:34598432	TRUE	0.479	0.521
chr5:35238243	TRUE	0.441	0.559
chr5:38807105	TRUE	0.46	0.54
chr5:38807407	TRUE	0.426	0.574
chr5:39761565	FALSE	0.659	0.341
chr5:52241029	FALSE	0.771	0.229
chr5:52327574	TRUE	0.441	0.559
chr5:52630960	TRUE	0.469	0.531
chr5:52657386	FALSE	0.748	0.252
chr5:53753694	TRUE	0.41	0.59
chr5:53959211	TRUE	0.472	0.528
chr5:56599152	TRUE	0.495	0.505
chr5:57877490	FALSE	0.652	0.348
chr5:58658536	FALSE	0.501	0.499
chr5:72138871	FALSE	0.563	0.437
chr5:76086667	FALSE	0.5	0.5
chr5:79125258	FALSE	0.529	0.471
chr5:82900993	TRUE	0.42	0.58
chr5:83678937	FALSE	0.666	0.334
chr5:86592635	FALSE	0.553	0.447
chr5:111016637	TRUE	0.485	0.515
chr5:112311239	FALSE	0.784	0.216
chr5:112383202	TRUE	0.497	0.503
chr5:112481710	TRUE	0.479	0.521
chr5:112679175	TRUE	0.436	0.564
chr5:119724413	TRUE	0.417	0.583
chr5:125786226	TRUE	0.403	0.597
chr5:130622179	TRUE	0.461	0.539
chr5:133860294	FALSE	0.592	0.408
chr5:134180926	FALSE	0.77	0.23
chr5:138739406	FALSE	0.55	0.45
chr5:139017436	FALSE	0.556	0.444
chr5:139034181	TRUE	0.422	0.578
chr5:139243828	TRUE	0.44	0.56
chr5:139602095	TRUE	0.444	0.556
chr5:140936884	TRUE	0.493	0.507
chr5:141060366	TRUE	0.475	0.525
chr5:146890081	FALSE	0.64	0.36
chr5:148767919	TRUE	0.374	0.626
chr5:151039935	TRUE	0.379	0.621
chr5:151059977	TRUE	0.398	0.602
chr5:151062929	FALSE	0.691	0.309
chr5:151138350	TRUE	0.454	0.546
chr5:154173867	FALSE	0.557	0.443
chr5:154317763	FALSE	0.51	0.49
chr5:155941821	TRUE	0.495	0.505
chr5:163132866	TRUE	0.442	0.558
chr5:163133815	FALSE	0.538	0.462
chr5:167792587	FALSE	0.717	0.283
chr5:170814011	TRUE	0.451	0.549
chr5:172479299	TRUE	0.347	0.653
chr5:174774224	TRUE	0.489	0.511
chr5:175980477	TRUE	0.377	0.623
chr5:176778492	FALSE	0.595	0.405
chr5:178702723	TRUE	0.481	0.519
chr5:179498762	TRUE	0.49	0.51
chr6:2229581	TRUE	0.494	0.506
chr6:2790432	TRUE	0.399	0.601
chr6:3523093	FALSE	0.708	0.292
chr6:7107512	FALSE	0.546	0.454
chr6:7168292	FALSE	0.502	0.498
chr6:10271265	TRUE	0.465	0.535
chr6:11614499	FALSE	0.819	0.181
chr6:11651293	FALSE	0.825	0.175
chr6:14881747	TRUE	0.4	0.6
chr6:15662777	TRUE	0.463	0.537
chr6:16986551	TRUE	0.451	0.549
chr6:17929089	FALSE	0.652	0.348
chr6:17929819	FALSE	0.55	0.45
chr6:24722847	FALSE	0.827	0.173
chr6:25963271	FALSE	0.555	0.445
chr6:26032405	FALSE	0.568	0.432
chr6:26057352	FALSE	0.726	0.274
chr6:26197139	FALSE	0.737	0.263
chr6:26205430	FALSE	0.566	0.434
chr6:26332233	FALSE	0.537	0.463
chr6:26533744	FALSE	0.612	0.388
chr6:26573793	FALSE	0.593	0.407
chr6:26595428	FALSE	0.539	0.461
chr6:27870337	FALSE	0.695	0.305
chr6:28864127	FALSE	0.561	0.439
chr6:29720793	FALSE	0.621	0.379
chr6:31239715	TRUE	0.496	0.504
chr6:31240179	FALSE	0.666	0.334
chr6:31588602	FALSE	0.7	0.3
chr6:31704157	FALSE	0.717	0.283
chr6:31876759	TRUE	0.476	0.524
chr6:32081172	TRUE	0.429	0.571
chr6:32913650	TRUE	0.413	0.587
chr6:33282423	TRUE	0.476	0.524
chr6:35435107	TRUE	0.49	0.51
chr6:37071934	FALSE	0.849	0.151
chr6:39849482	TRUE	0.47	0.53
chr6:39901339	FALSE	0.65	0.35
chr6:40990319	TRUE	0.482	0.518
chr6:43021775	TRUE	0.474	0.526
chr6:43088933	TRUE	0.361	0.639
chr6:43635172	FALSE	0.507	0.493
chr6:44459060	TRUE	0.346	0.654
chr6:53413941	FALSE	0.875	0.125
chr6:56407504	TRUE	0.455	0.545
chr6:56407718	TRUE	0.452	0.548
chr6:73660040	TRUE	0.49	0.51
chr6:74295005	TRUE	0.451	0.549
chr6:79943768	FALSE	0.511	0.489
chr6:87866515	FALSE	0.813	0.187
chr6:91295975	FALSE	0.811	0.189
chr6:96969297	FALSE	0.778	0.222
chr6:106443225	TRUE	0.453	0.547
chr6:106536642	FALSE	0.779	0.221
chr6:108011066	TRUE	0.448	0.552
chr6:109169703	FALSE	0.71	0.29
chr6:111876452	TRUE	0.483	0.517
chr6:125621907	FALSE	0.516	0.484
chr6:126239552	FALSE	0.754	0.246
chr6:126239586	FALSE	0.758	0.242
chr6:130458037	TRUE	0.385	0.615
chr6:130746888	FALSE	0.661	0.339
chr6:132454922	TRUE	0.467	0.533
chr6:133229711	TRUE	0.386	0.614
chr6:136359133	FALSE	0.628	0.372
chr6:136444850	FALSE	0.515	0.485
chr6:136444860	TRUE	0.472	0.528
chr6:140785069	FALSE	0.614	0.386
chr6:142621266	FALSE	0.55	0.45
chr6:144163826	FALSE	0.729	0.271
chr6:144328010	TRUE	0.479	0.521
chr6:148978351	TRUE	0.39	0.61
chr6:149081836	FALSE	0.552	0.448
chr6:149381658	FALSE	0.757	0.243
chr6:149778776	TRUE	0.465	0.535
chr6:151365392	FALSE	0.908	0.092
chr6:151389156	FALSE	0.623	0.377
chr6:151391403	FALSE	0.868	0.132
chr6:154769230	TRUE	0.422	0.578
chr6:155636758	FALSE	0.79	0.21
chr6:157286122	TRUE	0.47	0.53
chr6:158136400	TRUE	0.439	0.561
chr6:158136662	TRUE	0.394	0.606
chr6:158430472	FALSE	0.623	0.377
chr6:160642561	TRUE	0.448	0.552
chr6:166339207	FALSE	0.746	0.254
chr6:168452060	TRUE	0.407	0.593
chr6:168597266	TRUE	0.495	0.505
chr6:170054529	FALSE	0.554	0.446
chr6:170589602	FALSE	0.515	0.485
chr6:170863436	FALSE	0.806	0.194
chr7:2058032	TRUE	0.45	0.55
chr7:2902619	FALSE	0.525	0.475
chr7:4923472	FALSE	0.556	0.444
chr7:5567953	FALSE	0.646	0.354
chr7:11749092	FALSE	0.725	0.275
chr7:11827350	FALSE	0.555	0.445
chr7:12250595	FALSE	0.549	0.451
chr7:17541344	FALSE	0.523	0.477
chr7:18401457	TRUE	0.364	0.636
chr7:19417682	TRUE	0.456	0.544
chr7:23423000	FALSE	0.633	0.367
chr7:27185586	TRUE	0.471	0.529
chr7:28388474	FALSE	0.605	0.395
chr7:30371095	TRUE	0.46	0.54
chr7:41920923	TRUE	0.43	0.57
chr7:42534781	FALSE	0.637	0.363
chr7:43625923	FALSE	0.538	0.462
chr7:44647876	FALSE	0.804	0.196
chr7:44921236	TRUE	0.433	0.567
chr7:44925436	FALSE	0.752	0.248
chr7:45960893	TRUE	0.46	0.54
chr7:50602357	FALSE	0.54	0.46
chr7:50796157	FALSE	0.558	0.442
chr7:55142078	FALSE	0.513	0.487
chr7:55545943	TRUE	0.445	0.555
chr7:55954726	TRUE	0.497	0.503
chr7:66443788	TRUE	0.442	0.558
chr7:72182570	TRUE	0.411	0.589
chr7:73679585	TRUE	0.342	0.658
chr7:73704002	FALSE	0.774	0.226
chr7:75357457	FALSE	0.825	0.175
chr7:80352956	FALSE	0.857	0.143
chr7:81887777	FALSE	0.546	0.454
chr7:83821694	TRUE	0.493	0.507
chr7:84331386	TRUE	0.435	0.565
chr7:89874854	TRUE	0.499	0.501
chr7:91764163	FALSE	0.582	0.418
chr7:92326270	FALSE	0.833	0.167
chr7:92645068	FALSE	0.501	0.499
chr7:93577545	FALSE	0.562	0.438
chr7:93984983	TRUE	0.403	0.597
chr7:99062538	FALSE	0.807	0.193
chr7:99517605	FALSE	0.74	0.26
chr7:99755452	FALSE	0.738	0.262
chr7:100034379	FALSE	0.809	0.191
chr7:100760021	TRUE	0.461	0.539
chr7:100768069	FALSE	0.529	0.471
chr7:101930034	FALSE	0.549	0.451
chr7:107923330	FALSE	0.544	0.456
chr7:115995138	TRUE	0.469	0.531
chr7:116418085	FALSE	0.769	0.231
chr7:121782975	FALSE	0.646	0.354
chr7:127033014	FALSE	0.588	0.412
chr7:128381445	FALSE	0.714	0.286
chr7:128549979	TRUE	0.469	0.531
chr7:129609009	TRUE	0.484	0.516
chr7:134519974	TRUE	0.32	0.68
chr7:135194920	TRUE	0.494	0.506
chr7:136637707	TRUE	0.331	0.669
chr7:137027527	FALSE	0.572	0.428
chr7:137140389	TRUE	0.363	0.637
chr7:140014939	TRUE	0.396	0.604
chr7:140624757	FALSE	0.513	0.487
chr7:143581196	TRUE	0.449	0.551
chr7:143582250	TRUE	0.449	0.551
chr7:148393847	FALSE	0.662	0.338
chr7:148684778	TRUE	0.435	0.565
chr7:148843926	FALSE	0.837	0.163
chr7:150725462	FALSE	0.64	0.36
chr7:150946294	TRUE	0.466	0.534
chr7:156686043	FALSE	0.578	0.422
chr7:158406277	TRUE	0.431	0.569
chr7:158947127	TRUE	0.443	0.557
chr8:6631610	TRUE	0.475	0.525
chr8:8621628	TRUE	0.361	0.639
chr8:13219442	TRUE	0.445	0.555
chr8:17782024	TRUE	0.473	0.527
chr8:19148863	TRUE	0.438	0.562
chr8:19183730	TRUE	0.486	0.514
chr8:20122010	FALSE	0.647	0.353
chr8:20187648	FALSE	0.606	0.394
chr8:22001325	TRUE	0.442	0.558
chr8:22300466	FALSE	0.752	0.248
chr8:22906587	TRUE	0.437	0.563
chr8:23200497	FALSE	0.847	0.153
chr8:25792607	TRUE	0.464	0.536
chr8:25835032	TRUE	0.421	0.579
chr8:25865098	TRUE	0.478	0.522
chr8:26239114	FALSE	0.696	0.304
chr8:36870127	FALSE	0.617	0.383
chr8:38627942	TRUE	0.442	0.558
chr8:38629426	FALSE	0.548	0.452
chr8:38713440	FALSE	0.546	0.454
chr8:38714354	FALSE	0.535	0.465
chr8:38875122	FALSE	0.764	0.236
chr8:40381739	FALSE	0.571	0.429
chr8:41147124	TRUE	0.459	0.541
chr8:42195456	FALSE	0.622	0.378
chr8:49493897	TRUE	0.488	0.512
chr8:59559608	FALSE	0.666	0.334
chr8:59776901	TRUE	0.437	0.563
chr8:60032247	FALSE	0.729	0.271
chr8:66977351	TRUE	0.477	0.523
chr8:67446230	FALSE	0.778	0.222
chr8:68254587	TRUE	0.471	0.529
chr8:71521626	FALSE	0.758	0.242
chr8:74791297	FALSE	0.572	0.428
chr8:82013380	TRUE	0.473	0.527
chr8:94654191	TRUE	0.454	0.546
chr8:95113905	TRUE	0.393	0.607
chr8:95835693	TRUE	0.464	0.536
chr8:95962387	FALSE	0.659	0.341
chr8:97603412	TRUE	0.381	0.619
chr8:97940987	FALSE	0.603	0.397
chr8:98102889	TRUE	0.497	0.503
chr8:102551511	FALSE	0.664	0.336
chr8:103250675	FALSE	0.695	0.305
chr8:103424269	FALSE	0.567	0.433
chr8:103921560	FALSE	0.516	0.484
chr8:104198541	TRUE	0.482	0.518
chr8:104320828	TRUE	0.428	0.572
chr8:106332422	FALSE	0.684	0.316
chr8:108467816	TRUE	0.5	0.5
chr8:109203432	TRUE	0.467	0.533
chr8:116464099	TRUE	0.469	0.531
chr8:117767137	FALSE	0.506	0.494
chr8:118888710	TRUE	0.413	0.587
chr8:119025560	FALSE	0.853	0.147
chr8:119031479	FALSE	0.832	0.168
chr8:119042475	FALSE	0.767	0.233
chr8:119118097	FALSE	0.547	0.453
chr8:119974415	FALSE	0.501	0.499
chr8:121972897	FALSE	0.592	0.408
chr8:122823244	TRUE	0.419	0.581
chr8:124427843	TRUE	0.436	0.564
chr8:124529890	TRUE	0.459	0.541
chr8:125487724	FALSE	0.522	0.478
chr8:126353851	TRUE	0.45	0.55
chr8:126398294	TRUE	0.426	0.574
chr8:126459265	TRUE	0.481	0.519
chr8:128883853	TRUE	0.499	0.501
chr8:128884057	TRUE	0.473	0.527
chr8:129190343	FALSE	0.645	0.355
chr8:131326121	FALSE	0.676	0.324
chr8:131503970	FALSE	0.51	0.49
chr8:131550569	TRUE	0.362	0.638
chr8:131583840	TRUE	0.449	0.551
chr8:134123867	FALSE	0.764	0.236
chr8:136468354	TRUE	0.435	0.565
chr8:141737837	FALSE	0.782	0.218
chr8:144120265	TRUE	0.473	0.527
chr8:144121370	FALSE	0.581	0.419
chr8:144650448	TRUE	0.406	0.594
chr8:145913120	FALSE	0.5	0.5
chr8:145992443	FALSE	0.705	0.295
chr8:146127360	FALSE	0.766	0.234
chr9:735783	TRUE	0.428	0.572
chr9:2811020	TRUE	0.459	0.541
chr9:14315500	FALSE	0.506	0.494
chr9:15288806	TRUE	0.402	0.598
chr9:34622881	TRUE	0.368	0.632
chr9:35096139	FALSE	0.579	0.421
chr9:35488988	TRUE	0.49	0.51
chr9:37415255	FALSE	0.866	0.134
chr9:38026097	FALSE	0.56	0.44
chr9:73022408	FALSE	0.561	0.439
chr9:79541935	FALSE	0.532	0.468
chr9:89951625	FALSE	0.792	0.208
chr9:91991600	TRUE	0.432	0.568
chr9:93801113	FALSE	0.648	0.352
chr9:95004248	TRUE	0.489	0.511
chr9:96903531	FALSE	0.526	0.474
chr9:97629979	FALSE	0.834	0.166
chr9:97813131	TRUE	0.431	0.569
chr9:99212649	TRUE	0.429	0.571
chr9:102582833	FALSE	0.513	0.487
chr9:103188234	TRUE	0.499	0.501
chr9:108320892	FALSE	0.793	0.207
chr9:111239945	FALSE	0.528	0.472
chr9:112670970	TRUE	0.424	0.576
chr9:114494341	TRUE	0.423	0.577
chr9:123455775	FALSE	0.773	0.227
chr9:124487526	TRUE	0.345	0.655
chr9:124815472	TRUE	0.404	0.596
chr9:125704780	FALSE	0.769	0.231
chr9:127042663	FALSE	0.721	0.279
chr9:127071599	TRUE	0.433	0.567
chr9:127574340	TRUE	0.41	0.59
chr9:130302239	TRUE	0.476	0.524
chr9:130332084	FALSE	0.557	0.443
chr9:132008865	TRUE	0.489	0.511
chr9:132413117	TRUE	0.447	0.553
chr9:133734006	FALSE	0.576	0.424
chr9:134180592	TRUE	0.356	0.644
chr9:136351606	TRUE	0.449	0.551
chr9:137029983	TRUE	0.472	0.528
chr9:138800323	TRUE	0.474	0.526
chrX:3615983	FALSE	0.513	0.487
chrX:14634149	FALSE	0.507	0.493
chrX:19013463	FALSE	0.852	0.148
chrX:20285236	TRUE	0.493	0.507
chrX:22154232	FALSE	0.775	0.225
chrX:30671504	FALSE	0.52	0.48
chrX:40034882	FALSE	0.646	0.354
chrX:41242780	FALSE	0.544	0.456
chrX:47509346	FALSE	0.534	0.466
chrX:53013802	TRUE	0.407	0.593
chrX:53077971	TRUE	0.407	0.593
chrX:55027145	FALSE	0.552	0.448
chrX:70401251	FALSE	0.838	0.162
chrX:100806781	TRUE	0.489	0.511
chrX:110925846	FALSE	0.531	0.469
chrX:132779493	TRUE	0.462	0.538
chrX:133942652	FALSE	0.514	0.486
chrX:135137044	FALSE	0.55	0.45
chrX:139053065	FALSE	0.654	0.346
chrX:148687963	TRUE	0.443	0.557
chrX:151150961	FALSE	0.522	0.478
