Target_Cancer_Gene	Target_GO_cell.death	Target_GO_cell.differentiation	Target_GO_cell.proliferation	Target_GO_mitototic.cell.cycle	Target_HumanNet.CGS_L1	Target_HumanNet.CGS_L2	Target_InteractNet.CGS_L1	Target_InteractNet.CGS_L2	Target_ReguleNet.DEG_score	Target_DEG_score	TF_Cancer_Gene	TF_GO_cell.death	TF_GO_cell.differentiation	TF_GO_cell.proliferation	TF_GO_mitototic.cell.cycle	TF_HumanNet.CGS_L1	TF_HumanNet.CGS_L2	TF_InteractNet.CGS_L1	TF_InteractNet.CGS_L2	TF_ReguleNet.DEG_score	TF_DEG_score	diff_Pval	avg_Pval	TF_sign	DnaseSig	H3K27ac	H3K27me3	H3K36me3	H3K4me3	H3K9me3	Dist_GWAS_2D	Early.to.late_Rate	PhastCons	TorF
0	0	0	0	0	0	0	0	14	0.78	0.78	0	0	0	0	0	0	0	0	0	0	0	0	0.00303	0	31.6667	17	1	1	54.5	1	2489419	0.7	0.164	1
0	0	0	0	0	0	0	0	10	0.584	0.584	0	0	0	0	0	13	183	5	117	4117.55	0.556	0	3.71e-05	0	53.3333	2	0	1	1.5	0	1207225	14.3333	0.043	1
0	0	0	0	0	0	0	0	17	0.645	0.645	0	1	1	1	0	23	174	4	213	3895.07	0.85	1.46002	6.31E-05	-1	22.6667	1	1	1	1	0	690409	7.09091	0.048	1
0	0	0	0	0	0	0	1	14	0.87	0.87	0	0	0	0	0	0	0	0	0	0	0	0	0	0	1.66667	5	4	0	9	0	1739948	10.375	0.078	1
1	0	1	0	0	1	1	1	13	0.694	0.694	0	0	1	0	0	0	104	0	15	4116.86	0.914	1.8765	3.44E-04	1	73	14	0	2	147	1	3431851	0.238095	0.007	1
0	0	0	0	0	2	12	0	0	0.297	0.297	0	0	0	0	0	0	0	0	0	0	0	0	0	0	1.66667	2	1	1	1	1	368078	0.120482	0.001	1
0	0	0	0	0	10	187	0	0	0.877	0.877	0	0	0	0	0	0	0	0	0	1714.01	0.703	2.03529	1.03E-04	-1	42.3333	2	1	0	5	0	223069	11.6667	0.058	1
0	0	0	1	1	0	0	0	1	0.691	0.691	0	0	0	0	0	0	0	0	3	4116.29	0.813	2.33631	7.08E-04	1	43	1	0	1	1.5	0	1043299	0.0625	0	1
0	0	0	0	0	0	126	0	0	0.923	0.923	0	0	0	0	0	11	166	0	0	4116.25	0.933	0.92283	1.21E-05	-1	15.3333	1	2	1	2	0	1553216	6.16667	0.011	1
0	0	0	0	0	0	0	0	23	0	0	0	0	0	0	0	0	0	0	0	0	0	0	0	0	33	2	2	9	8	0	1038741	0.0731707	0.042	1
0	0	0	0	0	0	0	0	59	4098.62	0.877	0	0	0	0	0	0	0	0	0	0	0	0	0	0	55.6667	2	1	0	8	0	14195632	0.692308	0.157	1
0	0	0	0	0	0	0	0	11	0.835	0.835	0	0	1	0	0	23	174	2	84	4059.43	0.897	0	7.15e-05	0	108.667	2	0	0	34	0	1676315	3.90909	0.113	1
0	0	0	0	0	1	141	0	28	0.412	0.412	0	0	0	0	0	0	0	0	0	0	0	0	0	0	12.3333	5	3	3	1.5	4	42507	0.0561798	0	1
1	1	0	1	0	35	225	9	247	0.06	0.06	0	0	0	0	0	0	0	0	0	0	0	0	0.000131	0	87.3333	6	2	0	1	3	158939	8.25	0	1
0	1	1	1	0	2	17	4	210	0.859	0.859	0	0	0	0	0	0	0	0	0	0	0	0	0.000731	0	7	3	0	0	1	0	316899	0.232558	0.007	1
0	0	0	0	0	0	0	2	98	0.595	0.595	0	0	0	0	0	0	0	0	0	0	0	0	0	0	73.3333	9	1	2	143.5	2	1667692	0.129412	0.101	1
0	1	1	1	0	16	217	1	22	0	0	0	0	0	0	0	32	218	3	112	4105.31	0.754	0	0.000592	0	88.6667	0	0	0	4	1	1019747	0.186047	0	1
0	0	1	1	0	0	0	1	175	0.777	0.777	0	0	0	0	0	0	0	0	0	0	0	2.38449	7.58E-06	-1	69.6667	2	3	1	66.5	1	3760780	0.772727	0.127	1
0	0	1	0	0	0	0	0	31	0.767	0.767	0	0	0	0	0	0	0	0	0	0	0	0	0	0	2.66667	13	0	2	71	1	1728070	3.36364	0	1
0	0	0	0	0	0	0	1	166	0.211	0.211	0	0	0	0	0	0	0	0	0	0	0	0	0	0	94	8	0	0	26.5	0	7718248	0.0444444	0.045	1
0	0	0	0	0	0	0	0	144	0	0	0	0	0	0	0	0	0	0	0	0	0	0	0	0	34.3333	1	0	0	39	0	922164	10.625	0.016	1
0	1	0	0	0	8	195	19	303	0.908	0.908	0	0	1	0	0	18	208	14	260	4117.55	0.932	0	0.000892	0	13	4	4	4	3	5	750524	8.125	0.007	1
0	0	0	1	0	33	223	1	36	0.776	0.776	0	0	0	0	0	0	0	0	0	0	0	0	0	0	5.33333	6	3	6	34.5	2	151451	0.0941176	0	1
0	0	0	0	0	0	0	1	31	0.908	0.908	0	0	0	0	0	0	0	0	0	0	0	0	0	0	1	0	1	0	0	0	700378	6.5	0.001	1
0	0	0	0	0	0	5	0	1	0.796	0.796	0	0	0	0	0	0	0	0	17	4116.25	0.773	0	0.000286	0	23	4	0	2	0	0	2027342	3.1875	0	1
1	0	0	1	1	2	129	6	83	0.865	0.865	0	0	0	0	0	0	0	0	0	0	0	0	0	0	6	8	0	2	0	2	832577	0.16129	0.085	1
0	0	0	0	0	0	0	0	10	0.662	0.662	1	0	1	0	0	22	212	10	133	4114.88	0.565	0	0.000245	0	32.6667	12	3	3	3	0	1824214	0.545455	0	1
0	0	1	0	0	0	0	0	4	0.288	0.288	0	0	0	0	0	19	200	1	23	883.042	0.801	0	0.000837	0	154.333	206	23	155	1390.5	12	1286115	2	0	1
0	0	0	0	0	2	25	0	21	0.565	0.565	0	0	0	0	0	0	0	0	0	0	0	1.48793	9.24E-05	1	50.6667	1	0	0	1	0	949069	0.366667	0.569	1
0	0	0	0	0	0	0	0	4	0	0	0	0	0	0	0	0	0	0	0	0	0	0	0	0	35	1	1	0	9.5	1	55350	0.4	0.327	1
0	0	0	0	0	0	0	0	23	0.628	0.628	0	0	0	0	0	0	0	0	0	0	0	0	0	0	2	7	3	1	2.5	1	836334	8.5	0.432	1
0	0	1	0	0	16	192	0	0	0.229	0.229	0	0	0	0	0	0	0	0	0	0	0	0	0	0	0.333333	0	0	0	0	0	76290	3.2	0.183	1
0	0	0	0	0	2	16	0	5	0.849	0.849	0	0	0	0	0	0	0	0	0	0	0	0	0	0	5	9	13	2	1	10	4209012	4.25	0	1
0	0	1	0	0	17	212	2	68	0	0	0	0	0	0	0	0	0	0	0	0	0	0	0	0	2.33333	1	1	3	1	0	811729	0.394737	0.774	1
0	0	0	0	0	0	0	0	73	4115.95	0.769	0	0	0	0	0	0	0	1	10	3501.62	0.663	0	0.000164	0	652.667	68	46	33	49	31	6334746	0.666667	0	1
0	0	0	0	0	0	0	0	10	0.662	0.662	0	0	0	0	0	9	165	0	0	4079.99	0.811	0	0.000231	0	5	1	3	3	1	6	1879826	0.155172	0	1
1	1	0	1	0	35	225	9	247	0.06	0.06	0	0	0	0	0	0	0	0	0	0	0	0	0	0	7.33333	16	4	1	165.5	0	51635	8.66667	0.01	1
0	0	0	0	0	0	0	0	11	0.801	0.801	0	0	1	0	0	2	105	39	339	4117.55	0.886	1.74063	4.17E-05	-1	173	365	40	49	37.5	48	6315153	0.833333	0	1
0	0	0	0	0	0	2	0	8	0.879	0.879	0	0	0	0	0	0	0	0	0	0	0	0	0	0	17	6	1	1	1.5	5	1420298	0.590909	0.255	1
0	0	0	0	0	0	0	0	34	0.013	0.013	0	0	0	0	0	0	0	0	0	0	0	0	0	0	1.33333	7	12	16	0	13	880913	0.26	0.006	1
0	0	0	0	0	3	48	4	132	0.822	0.822	0	0	0	0	0	0	0	0	11	4115.16	0.744	0	0.000333	0	8.33333	3	1	19	0.5	2	523689	0.208333	0	1
0	0	0	0	0	0	33	1	158	0.294	0.294	0	0	0	0	0	0	0	0	0	0	0	0	0.000422	0	18.6667	2	1	1	0.5	2	2641760	0.0595238	0.019	1
0	0	0	0	0	44	231	5	164	0.375	0.375	0	0	0	0	0	0	0	0	0	0	0	1.50105	1.50E-04	1	7.33333	2	2	1	2.5	1	3156593	7.8	0.001	1
0	1	1	0	0	0	0	0	24	0.82	0.82	0	0	1	0	0	23	177	2	61	2790.54	0.933	0.41616	6.57E-06	1	4.66667	2	0	3	2	1	4567759	5.4	0	1
0	0	0	0	0	0	0	0	60	0.939	0.939	0	0	0	0	0	0	0	0	0	0	0	0	0.000274	0	5.66667	0	1	1	0.5	1	4085232	0.257143	0	1
0	0	0	0	0	0	0	0	27	0.616	0.616	0	0	0	0	0	9	165	0	0	4079.99	0.811	1.02996	4.76E-05	1	6	5	4	7	2	1	70407	4.44444	0.002	1
0	0	1	0	0	0	0	1	84	0.812	0.812	0	0	0	0	0	0	0	0	24	3674.05	0.114	1.85322	1.45E-04	-1	5	5	4	2	1	0	898340	10.2857	0	1
0	0	0	0	0	0	0	2	36	0.545	0.545	0	0	0	0	0	0	26	2	101	4115.95	0.899	0	0.001	0	97	1	0	0	14	0	451916	0.0813953	0.005	1
0	0	1	0	0	5	155	2	91	0.464	0.464	0	0	0	0	0	0	0	0	0	0	0	0.25144	3.87E-06	-1	196.333	0	0	0	2	0	5819047	12	0	1
0	0	0	0	1	0	0	1	33	0.884	0.884	0	0	0	0	0	0	0	0	17	649.354	0.33	0	0.000677	0	151	4	1	0	3.5	0	868049	2.5	0.001	1
0	0	1	0	0	0	0	1	32	0.496	0.496	0	0	0	0	0	0	0	0	0	0	0	2.27334	1.60E-04	1	37.3333	7	3	6	10	1	11166	1.32	0.001	1
0	0	0	1	1	0	0	0	3	0	0	0	0	0	0	0	0	0	0	51	4054.41	0.927	0	0.00089	0	55.3333	3	0	0	43.5	0	552503	0.166667	0	1
1	1	1	1	0	48	238	1	58	0.321	0.321	0	0	0	0	0	0	0	0	0	0	0	0	0	0	1.66667	0	0	1	1.5	0	696965	6.5	0	1
0	0	0	0	0	0	0	0	1	0.66	0.66	0	0	0	0	0	0	0	0	0	0	0	0	0.000397	0	10.6667	6	0	1	46.5	0	673967	0.2	0	1
0	0	1	1	0	27	207	3	33	0	0	0	0	0	0	0	0	0	0	2	4118.19	0.649	2.3335	4.11E-04	-1	48.3333	1	0	1	1	1	397091	10.8571	0.001	1
1	0	1	0	0	1	1	1	13	0.694	0.694	0	1	1	1	0	7	174	0	111	6.153	0.374	1.30968	3.99E-05	1	23.3333	11	5	2	2	7	3407216	0.148148	0	1
0	1	0	0	0	14	171	10	244	0.647	0.647	0	0	0	0	0	0	0	0	0	0	0	0	0	0	2.66667	3	2	3	53	3	2861628	1.09524	0	1
1	1	1	0	0	3	131	9	126	0.804	0.804	0	0	0	0	0	0	0	0	0	6.08	0.28	0	1.96e-05	0	36.3333	9	0	0	9.5	0	150793	0.162791	0	1
0	0	0	0	0	10	187	0	0	0.877	0.877	0	0	0	0	0	0	0	0	0	0	0	0	0.00016	0	10.6667	2	1	3	1	0	210787	11.8333	0.434	1
0	0	1	1	0	0	0	2	81	0.687	0.687	0	0	0	0	0	0	0	0	24	3674.05	0.114	0.69269	1.24E-05	1	34	7	1	0	24.5	0	86145	3.18182	0	1
0	0	1	0	0	0	0	0	5	0.925	0.925	1	0	1	0	0	1	1	1	2	4093.64	0.927	0	9.1e-05	0	103.667	3	0	0	35.5	0	460511	9.55556	1	1
0	1	1	1	0	16	217	1	22	0	0	0	0	0	0	0	0	0	0	0	0	0	0	0.000283	0	42.6667	3	0	0	8.5	1	1578115	0.22449	0	1
0	0	1	0	0	23	174	13	300	0	0	0	0	0	0	0	0	0	0	13	4117.55	0	2.7253	7.66E-05	1	10	5	0	1	6.5	0	255398	6.58333	0	1
0	0	1	0	0	0	0	0	29	0.88	0.88	0	0	0	0	0	0	0	0	37	10.045	0.867	0.98006	1.65E-05	1	5.33333	5	3	3	1	0	1046169	9.125	0.006	1
0	0	0	0	0	3	89	1	154	0	0	0	0	0	0	0	0	0	0	0	0	0	0	0	0	4	3	0	3	32.5	1	2150266	0.164557	0.092	1
0	0	0	0	0	0	0	1	14	0.87	0.87	0	0	0	0	0	0	0	0	0	0	0	1.15267	2.08E-06	-1	43.6667	0	0	1	4.5	0	1258952	4.71429	0.021	1
0	0	0	0	0	0	0	0	16	0	0	0	0	0	0	0	0	0	0	0	0	0	0	4.04e-05	0	5.33333	2	0	1	0.5	1	4078627	0.555556	0	1
1	0	1	1	1	13	171	26	229	0.901	0.901	0	0	0	0	0	0	0	0	0	0	0	0	0	0	5.33333	2	1	5	0	0	1425824	0.0909091	0.258	1
1	0	1	0	0	10	190	2	21	0.924	0.924	0	0	0	0	0	0	0	0	0	0	0	1.84637	1.04E-05	-1	23	0	1	1	1	1	69869	0.0909091	0.105	1
0	0	0	0	0	0	0	0	9	0.922	0.922	0	0	0	0	0	0	0	0	45	2972.04	0.75	2.19303	3.81E-04	-1	7.66667	2	2	2	1	3	618379	0.122807	0.99	1
1	0	0	0	0	1	1	8	144	0	0	0	0	0	0	0	0	0	0	0	0	0	1.98326	1.16E-04	-1	6	12	0	0	27.5	0	266347	5.57143	0.014	1
0	0	0	0	0	0	0	1	56	0.763	0.763	0	0	0	0	0	0	0	0	0	0	0	0	0	0	10.3333	14	15	29	8	16	1489832	0.195122	0.009	1
0	0	0	0	0	0	0	0	1	0.173	0.173	0	0	0	0	0	0	0	0	0	0	0	0	0	0	0.333333	0	10	0	0	1	7768359	5.125	0	1
0	0	0	0	0	3	127	0	0	0.716	0.716	0	0	1	1	0	54	233	1	63	4115.95	0.679	0.21174	5.94E-06	1	10.6667	10	0	0	146	2	1502650	0.144578	0	1
0	0	0	0	0	8	197	1	79	0.884	0.884	1	1	1	1	0	27	225	39	369	4117.55	0.912	0	0.00114	0	87.3333	6	5	2	6.5	3	693263	0.232558	0.006	1
0	0	0	0	0	0	0	6	69	0.694	0.694	0	0	0	0	0	0	0	0	9	4006.78	0.918	1.86725	1.81E-04	-1	19	0	0	2	3.5	1	419774	8.57143	0.002	1
0	0	1	0	0	14	171	0	2	0.754	0.754	1	1	0	0	1	2	77	2	63	4117.55	0.925	1.25817	1.27E-05	-1	26.3333	1	0	1	1	0	1066955	10.4286	0.999	1
0	0	0	0	0	0	0	0	24	0.336	0.336	0	0	0	0	0	0	0	0	16	12.265	0.675	0	0.000104	0	48.6667	4	2	1	91.5	3	524333	0.106061	0	1
0	0	0	0	0	0	0	1	31	0.908	0.908	0	0	0	0	0	0	0	0	0	0	0	2.28667	5.68E-04	1	9.33333	3	5	1	0.5	1	395918	12.1429	0	1
0	0	0	0	0	0	0	1	14	0.87	0.87	0	0	0	0	0	0	0	0	2	2178.96	0	1.7508	4.93E-05	1	45	7	1	1	8	1	1785515	9.11111	0	1
0	0	1	0	0	0	0	5	152	0	0	0	0	0	0	0	0	0	0	0	0	0	2.24386	7.29E-05	-1	145.333	9	3	1	13	2	1701178	9.85714	0	1
0	0	0	0	0	0	5	0	1	0.796	0.796	0	0	0	0	0	0	0	0	0	0	0	0	3.93e-05	0	29.3333	15	0	1	1.5	1	1944036	6.66667	0.005	1
0	0	0	0	0	25	184	19	282	0.654	0.654	0	0	0	0	0	0	0	0	0	0	0	0	0	0	3	7	2	4	4	0	361124	0.108434	0.064	1
0	0	0	0	0	0	0	0	17	0.645	0.645	0	0	0	0	0	0	0	0	2	21.765	0.921	1.16625	7.69E-05	-1	12	2	0	1	4	1	476815	0.0930233	0.495	1
0	0	1	0	0	0	0	0	9	0.922	0.922	0	0	0	0	0	0	0	0	0	0	0	0	0	0	9.33333	8	0	0	154	0	824029	0.30303	0.013	1
0	1	0	1	0	42	236	0	39	0	0	0	0	0	0	0	0	0	0	0	0	0	0	0	0	1.33333	1	1	0	0.5	2	5854	4.27273	0	1
1	1	1	1	0	27	225	39	369	4117.55	0.912	0	0	0	0	0	0	0	0	0	0	0	0	0.000142	0	830.333	4	4	2	3	4	36921	1.78571	0	1
0	1	1	1	0	0	88	0	27	0	0	0	0	0	0	0	0	0	0	24	2677.62	0.874	0	0.00144	0	145	2	0	2	3	0	487566	0.0987654	0.032	1
0	0	1	0	0	0	0	1	176	0	0	0	0	0	0	0	0	0	0	0	0	0	1.81109	2.60E-04	1	23	18	2	2	1.5	0	782296	1.59091	0	1
0	0	0	0	0	0	0	0	60	0	0	0	0	0	0	0	0	0	1	16	3553.08	0.896	1.96631	3.01E-04	1	234	2	0	0	46.5	0	2488688	0.0681818	0	1
0	0	0	0	0	14	177	0	4	0.314	0.314	0	0	0	0	0	0	0	0	0	0	0	0	0	0	1.66667	12	0	3	0.5	2	3457027	1.5	0.039	1
0	0	0	0	0	0	0	0	4	0.929	0.929	0	0	0	0	0	0	0	0	0	0	0	0	0.00158	0	2	2	0	1	1	1	816751	7.8	0.022	1
0	0	0	0	0	0	0	0	2	0	0	0	0	0	0	0	0	0	0	0	0	0	1.00939	4.87E-05	1	21.3333	3	1	0	0.5	2	1375150	0.0674157	0	1
0	0	0	0	0	0	34	2	92	0.829	0.829	0	0	0	0	0	0	0	0	0	0	0	0	0	0	31	2	0	0	24	0	2296016	1.82759	0	1
0	0	0	0	0	0	0	0	23	0.738	0.738	1	0	1	0	0	1	1	1	2	4093.64	0.927	0.67352	7.03E-06	-1	87	1	0	2	26.5	0	926449	0.125	0.846	1
0	0	0	0	0	0	0	2	72	0.717	0.717	0	0	0	0	0	0	0	1	67	4114.42	0.683	1.32984	7.01E-07	-1	18.3333	2	0	1	11	1	975546	5.83333	0	1
0	0	0	0	0	0	47	1	34	0.877	0.877	1	0	1	1	0	11	166	1	128	3399.95	0.828	1.51716	9.07E-05	-1	21.6667	1	2	2	4.5	0	1336395	2	0.01	1
1	1	1	1	1	1	1	40	349	0.772	0.772	0	0	0	0	0	0	0	0	21	4117.36	0.445	1.49431	7.84E-05	-1	28.6667	1	3	1	0.5	1	416586	11.8571	0	1
0	0	1	0	0	14	171	0	2	0.754	0.754	0	0	0	0	0	0	0	0	0	0	0	0	0.000143	0	1.66667	2	3	3	0	1	1019210	6.9	0.014	1
0	0	0	0	0	0	0	0	1	0.756	0.756	0	0	0	0	0	15	197	0	49	4115.32	0.881	0	6.21e-05	0	55.6667	16	0	0	64.5	2	1538594	0.1375	0	1
0	0	0	0	1	0	0	3	195	0	0	0	0	0	0	0	0	0	0	0	0	0	1.48716	4.52E-05	1	38.6667	3	0	2	26.5	0	10869929	0.0666667	0.259	1
0	0	0	0	0	13	197	0	48	0.777	0.777	1	1	1	0	1	12	220	61	369	4041.29	0.499	0	0.000358	0	14	3	0	0	10	0	1225996	0.17284	0.265	1
0	0	0	0	0	0	0	0	34	0.228	0.228	0	0	0	0	0	0	0	0	0	0	0	2.40151	1.22E-03	-1	20	1	0	0	5.5	0	660843	7.09091	0.002	1
0	0	0	0	0	0	0	1	11	0.913	0.913	0	0	0	0	0	0	0	0	0	0	0	0	0	0	23	52	0	3	262	0	9278	0.95	0.003	1
0	0	0	0	0	0	0	0	60	0	0	0	0	0	0	0	0	0	0	0	0	0	0	0	0	88.3333	4	0	1	71	0	2963788	0.130952	0	1
0	1	0	0	0	0	0	2	168	0.841	0.841	0	0	0	0	0	0	0	0	0	0	0	2.49253	9.93E-04	-1	57.6667	5	0	2	14.5	0	399030	0.129412	0	1
0	1	1	1	0	8	199	4	208	0.926	0.926	0	0	0	0	0	0	0	0	38	3574.52	0.818	1.93168	2.97E-04	1	73.3333	0	1	2	0.5	2	69097	0.106061	0.008	1
0	0	1	0	0	13	178	15	282	0.806	0.806	0	0	0	0	0	0	0	0	0	0	0	0.81121	1.69E-05	1	67.3333	1	1	2	1.5	2	1466405	6.4	0.023	1
0	0	1	1	0	27	207	3	33	0	0	0	0	0	0	0	0	0	0	0	0	0	0	0	0	1	1	3	3	1.5	1	111462	0.361111	0	1
0	0	0	0	0	0	0	0	62	0.928	0.928	0	0	0	0	0	0	0	0	0	0	0	0	6.22e-05	0	25	9	1	0	2	0	268193	0.266667	0.001	1
1	1	1	1	1	16	203	15	261	0.926	0.926	0	0	0	0	0	0	0	0	8	1896.71	0.908	1.72667	2.23E-04	1	48	0	0	1	1.5	2	241212	0.0853659	0.003	1
0	0	0	0	0	0	0	0	15	0.926	0.926	0	0	0	0	0	0	0	0	16	4115.82	0.939	1.31521	1.01E-04	1	17.6667	6	1	0	46	2	1422933	0.0714286	1	1
0	0	0	0	0	0	0	0	4	0	0	0	0	0	0	0	0	0	0	0	0	0	0	0	0	273.667	6	0	2	2	0	172105	6.83333	0.002	1
0	1	1	0	0	1	47	3	142	0	0	0	0	0	0	0	0	0	2	66	4112.75	0.601	1.91369	7.14E-05	1	25	4	3	7	0.5	4	3177443	0.761905	0.004	1
0	0	1	0	0	29	195	1	11	4114.86	0.895	0	0	1	0	0	19	200	5	159	4117.54	0.62	1.26587	8.75E-05	-1	3.33333	4	2	2	1	1	80314	6.55556	0.016	1
0	1	0	0	0	0	22	1	27	0.9	0.9	0	0	0	0	0	0	0	0	0	0	0	1.74866	5.65E-05	-1	7	2	0	2	30	0	332445	0.0568182	0.119	1
0	0	0	0	0	0	0	0	145	0.661	0.661	0	0	0	0	0	0	0	0	32	4060.56	0.496	2.00203	1.08E-04	-1	9.33333	14	0	0	106.5	0	888884	0.09375	0	1
0	0	0	0	0	14	177	0	4	0.314	0.314	0	0	1	0	1	2	93	7	142	4117.55	0.501	2.42597	1.10E-03	-1	73.6667	6	0	1	5.5	0	3780583	0.181818	0.005	1
0	1	1	1	0	0	99	1	180	0.937	0.937	0	0	0	0	0	13	183	5	117	4117.55	0.556	0	2.12e-06	0	101	3	0	8	1.5	0	1760582	10	0.002	1
1	1	1	1	1	1	1	14	232	0.234	0.234	0	0	0	0	0	0	0	0	0	0	0	0	0	0	3.66667	2	4	0	1.5	1	705156	12.2857	0	1
0	0	0	0	0	0	0	0	6	0.913	0.913	1	0	1	1	0	11	166	1	128	3399.95	0.828	0	0.000646	0	138.333	2	1	1	67.5	1	2207099	0.137931	0	1
0	0	0	0	1	7	138	0	33	0	0	0	0	0	0	0	0	0	0	4	3454.73	0.871	0.04044	6.98E-07	-1	24	6	1	0	2	1	895502	0.107143	0.03	1
0	0	0	0	0	0	0	0	15	0.572	0.572	0	0	0	0	0	0	0	0	0	1714.01	0.703	1.88588	1.96E-04	-1	59.6667	1	1	0	1	0	922575	0.105882	0.003	1
0	0	0	0	0	0	0	0	151	0	0	0	0	0	0	0	0	0	0	8	4117.54	0.008	0	0.000233	0	10.3333	1	3	1	0	0	1104337	10.625	0	1
0	0	0	0	0	0	0	1	33	0.795	0.795	0	1	0	0	0	0	0	4	131	4073.42	0.888	1.163	7.86E-06	1	23	3	0	2	2.5	0	4482072	0.105882	0	1
0	0	0	0	0	2	16	5	62	0.803	0.803	0	0	0	0	0	0	0	0	0	0	0	0	0.000424	0	19.3333	2	3	5	2	3	2177316	1.10526	0	1
0	0	0	0	0	0	0	1	62	0.277	0.277	0	0	0	0	0	0	0	1	10	3501.62	0.663	0	0.00019	0	29	1	2	0	5	0	2937855	12.6667	0	1
0	0	0	0	0	11	166	3	74	0	0	0	0	0	0	0	0	0	0	0	0	0	0	0	0	12	5	3	1	150.5	0	443035	0.119048	0.027	1
0	0	0	0	0	10	182	0	8	0.755	0.755	0	0	0	0	0	13	183	5	117	4117.55	0.556	0	0.000286	0	45.6667	1	2	0	1	0	4069454	0.127273	0	1
0	0	1	0	0	0	0	3	131	4057.78	0.855	0	0	0	0	0	0	0	0	2	4112.69	0.483	1.50515	2.56E-05	1	23.6667	19	0	1	165	0	246810	10.125	0.001	1
0	0	0	0	0	0	0	0	67	0.926	0.926	0	1	1	1	0	23	174	5	220	2387.47	0.18	0.53905	9.99E-06	-1	22	1	0	1	0.5	3	1700905	0.148936	0	1
0	0	1	1	0	16	201	12	298	0.766	0.766	0	0	0	0	0	0	0	0	0	0	0	0	0	0	1.66667	0	1	2	0	0	722191	8.14286	0.76	1
0	0	0	0	1	0	0	0	28	0.94	0.94	0	0	0	0	0	0	0	0	0	3893.37	0.174	0	6.36e-05	0	86.6667	10	0	0	5	1	231603	7.5	0.02	1
0	0	0	0	0	0	0	0	144	0.818	0.818	1	1	0	0	1	2	77	2	63	4117.55	0.925	1.17724	2.02E-06	-1	14.3333	2	1	0	0.5	1	2645300	0.0697674	0.026	1
0	0	1	0	0	0	67	0	0	0	0	0	0	0	0	0	0	0	0	21	4117.36	0.445	0	0.000128	0	6	9	1	2	1.5	3	981816	0.0588235	0.087	1
0	0	1	0	0	13	178	15	282	0.806	0.806	0	0	0	0	0	0	0	0	0	0	0	0.74463	2.81E-05	-1	42	1	0	6	0.5	0	860637	0.444444	0.002	1
0	0	0	0	0	0	0	0	24	0.336	0.336	0	0	0	0	0	0	0	0	0	0	0	0	0	0	12.6667	8	1	5	19	2	599590	0.149254	0	1
0	0	0	0	0	0	0	0	43	0.12	0.12	0	0	0	0	0	0	0	0	0	0	0	0	0.000413	0	4.33333	8	0	1	1.5	0	1374203	10	0	1
0	0	0	0	0	0	0	0	2	0	0	0	0	0	0	0	0	0	0	0	0	0	1.44081	3.80E-05	1	39.3333	4	1	1	58	0	3152236	0.102273	0.002	1
0	0	0	0	0	13	171	1	88	4078	0.666	0	0	0	0	0	0	0	0	0	0	0	0	0	0	139	1	0	0	18	0	474250	3.36364	0	1
0	0	0	0	0	0	0	0	1	0.843	0.843	0	0	0	0	0	0	0	0	0	0	0	1.25921	2.92E-05	1	221	3	0	0	27.5	0	12858902	0.104478	0.181	1
1	0	0	0	1	1	1	1	9	0.207	0.207	0	0	1	0	1	0	0	1	105	4115.05	0.547	1.45593	7.97E-05	1	112.667	4	1	0	16	2	1193692	2.45455	0	1
0	0	0	1	0	0	0	2	149	0.66	0.66	0	0	1	0	0	0	0	0	23	3182.41	0.804	0	0.000116	0	5	1	6	1	2.5	1	1024874	1.58065	0.003	1
0	1	0	0	0	0	0	0	10	0.774	0.774	0	0	0	0	0	0	0	0	3	4116.29	0.813	1.76959	2.96E-04	-1	181.333	8	5	3	9.5	4	910156	0.538462	0	1
0	0	1	0	0	0	0	0	4	0.345	0.345	0	0	1	0	0	26	223	1	131	4101.77	0.935	1.37173	1.11E-04	1	5.66667	7	1	0	66.5	0	730963	0.757576	0	1
0	0	1	0	0	0	0	1	176	0	0	0	0	0	0	0	0	0	0	0	0	0	0	0	0	2	8	3	0	0	1	1149204	8.16667	0	1
0	0	0	0	0	0	0	0	145	0.661	0.661	0	0	0	0	0	0	0	0	0	0	0	0	0	0	2.33333	2	13	0	0	2	801138	0.12963	0	1
0	0	0	0	0	0	49	2	18	0.899	0.899	0	0	0	0	0	0	0	0	0	0	0	0	0.00122	0	57	5	8	7	6	5	4803103	0.583333	0	1
0	1	1	1	0	1	120	0	3	1991.92	0.148	0	0	0	0	0	0	0	0	0	0	0	0	0	0	1.66667	1	3	0	0.5	1	82480	0.0857143	0.071	1
0	0	0	0	0	0	0	0	12	0	0	1	1	0	0	1	2	77	2	63	4117.55	0.925	0	1.36e-07	0	31.3333	1	0	0	2.5	0	5496264	8.66667	0	1
0	0	0	0	0	0	0	0	67	0.926	0.926	0	0	0	0	0	0	0	0	0	0	0	0	0	0	4	0	0	0	10	0	1837933	0.214286	0.998	1
0	1	1	1	0	18	203	4	98	4055.76	0.017	0	0	0	0	0	0	0	0	4	4084.35	0.298	1.5941	3.60E-05	-1	14	1	1	0	76	0	340264	0.177778	0	1
0	0	0	0	0	0	0	0	1	0.864	0.864	0	0	0	0	0	0	0	0	0	0	0	0	0	0	54	3	1	0	16.5	1	1674947	3.8	0.037	1
0	0	1	0	0	0	0	0	1	0	0	0	0	0	0	0	0	0	0	2	4115.95	0	0.08389	3.89E-06	1	87.6667	6	1	1	43.5	0	10151321	0.109756	0.001	1
0	0	0	0	0	0	0	0	5	0.13	0.13	0	0	1	1	0	0	0	0	30	4115.48	0.277	1.20936	6.37E-05	1	8.66667	7	0	0	18	1	380554	0.111111	0.004	1
1	0	0	0	0	1	1	1	51	0.899	0.899	0	1	1	1	0	19	201	41	296	4115.97	0.86	0	4.53e-05	0	10.3333	1	0	0	0	2	2330620	0.106667	0.133	1
0	1	1	1	0	0	0	1	17	3.278	0.94	0	0	0	0	0	0	0	0	0	0	0	1.64064	1.64E-04	-1	96.6667	1	1	0	43.5	0	66415	5.88889	0	1
0	0	0	0	0	0	0	1	36	0.251	0.251	0	0	0	0	0	0	0	0	0	0	0	0	0	0	1.66667	2	2	0	0	0	2074707	1.53333	0.005	1
0	0	0	0	0	3	127	0	0	0.716	0.716	0	0	0	0	0	0	0	0	4	4084.35	0.298	0.49783	1.44E-05	-1	76	14	1	0	2.5	3	1216287	0.116279	0.201	1
0	0	0	0	0	0	0	0	8	0.653	0.653	0	0	1	0	0	0	0	0	1	3270.09	0.828	0	0.000404	0	2116	248	39	24	483.5	21	6272333	0.882353	0	1
0	0	0	1	0	35	224	2	32	0.064	0.064	0	0	0	0	0	0	0	0	0	0	0	2.12651	2.79E-04	1	16	3	0	2	2	2	639582	4.66667	0	1
0	0	0	0	0	0	0	0	14	0.302	0.302	0	0	0	0	0	13	183	5	117	4117.55	0.556	0	5.58e-06	0	35	0	0	1	15.5	1	753617	0.12963	0.019	1
0	0	0	0	0	0	48	1	62	0.916	0.916	0	0	0	0	0	0	0	0	0	0	0	1.12902	1.15E-05	-1	71	2	1	1	49.5	0	5193185	13.3333	0	1
0	0	1	0	1	1	48	1	64	0.886	0.886	0	0	0	0	0	0	0	0	12	3894.76	0.034	1.28214	1.89E-05	1	19.3333	0	0	2	0	1	134323	0.139535	0.002	1
0	0	0	0	0	0	33	1	158	0.294	0.294	0	0	0	0	0	5	138	1	65	4106.04	0.102	0	1.63e-05	0	62.6667	3	0	0	4	0	2797376	0.0465116	0.003	1
0	0	0	0	0	0	0	2	81	0.89	0.89	0	0	0	0	0	0	0	0	8	4117.54	0.008	2.44626	3.88E-05	-1	54	1	0	1	21	0	13388241	1.70588	1	1
0	0	0	0	0	0	0	0	2	0.627	0.627	0	0	0	0	0	0	0	0	0	0	0	0	0	0	113.333	5	1	1	13	4	1209394	0.12987	0.005	1
0	0	0	0	0	0	0	0	11	0.831	0.831	0	0	0	0	0	13	183	5	117	4117.55	0.556	0.49688	4.60E-06	1	18	5	15	5	1	3	67139	0.118421	0.001	1
0	0	0	0	0	0	0	0	1	0	0	0	0	0	0	0	0	0	0	0	0	0	0	0	0	3.66667	9	0	4	175	1	3781887	0.285714	0	1
0	0	1	0	0	0	0	1	32	0.496	0.496	0	0	0	0	0	0	0	0	0	0	0	0	0	0	11	8	0	0	69.5	0	241004	2.15789	0.247	1
0	0	0	0	0	0	49	2	18	0.899	0.899	0	0	0	0	0	0	0	0	4	4117.84	0.29	1.35522	5.43E-05	1	47.6667	6	9	3	5.5	2	5424631	0.482759	0	1
0	0	1	0	0	0	0	1	84	0.812	0.812	0	0	0	0	0	0	0	0	0	0	0	0	0	0	3	0	3	2	1	2	504405	7	0.002	1
0	0	0	0	0	0	0	0	16	0.808	0.808	0	0	0	0	0	0	0	0	0	0	0	0.63319	2.62E-05	-1	56	2	1	0	1	3	4081976	0.104651	1	1
1	1	1	0	0	1	1	4	129	0.607	0.607	0	0	0	0	0	0	0	0	22	4116.69	0.744	0.32741	1.52E-06	1	72.6667	17	0	0	26	0	1045809	4.92857	0.243	1
0	0	0	0	0	0	0	0	27	0.616	0.616	0	0	0	0	0	0	0	0	0	0	0	0	9.92e-05	0	18.3333	6	3	1	1.5	1	630220	9.125	0.018	1
0	0	1	0	0	0	0	3	84	0	0	0	0	0	0	0	0	0	0	0	0	0	2.67797	3.84E-04	-1	22.3333	8	1	6	2	0	1309709	0.155844	0.004	1
0	0	0	0	0	1	29	0	7	0	0	0	0	0	0	0	0	0	0	12	4113.31	0.931	1.31158	1.05E-04	-1	10.3333	1	3	4	0	2	92369	0.8	0.505	1
0	0	0	0	0	0	0	0	8	0.71	0.71	0	0	0	0	0	0	0	0	0	0	0	0	0	0	7.66667	8	6	2	2	3	845977	10	0.128	1
0	0	0	0	0	13	197	0	30	0.647	0.647	0	0	0	0	0	19	200	1	32	4117.55	0.764	0	0.00207	0	3.66667	5	5	6	0.5	2	4312179	1.0625	0	1
0	0	0	0	0	0	0	0	0	0.188	0.188	0	0	0	0	0	0	0	0	0	0	0	0	0	0	126.667	6	1	1	12	0	948	0.0958904	0.001	1
0	1	1	1	1	1	113	3	124	0.381	0.381	0	0	0	0	0	0	0	1	16	3553.08	0.896	2.18286	3.09E-04	1	7.66667	3	1	2	2.5	0	315013	9	0.079	1
0	0	0	0	0	1	14	0	25	0.665	0.665	0	0	1	0	0	2	105	39	339	4117.55	0.886	0	1.18e-05	0	140.333	6	0	0	35.5	1	53449	0.703704	0.002	1
0	0	0	0	0	0	0	0	7	0.838	0.838	0	1	1	1	0	7	174	0	111	6.153	0.374	0.80989	2.23E-05	1	19.6667	5	1	0	3	1	2355114	0.192308	0	1
0	0	1	0	0	10	182	0	0	0.389	0.389	0	0	0	0	0	0	0	0	0	0	0	0	9.62e-05	0	86.6667	1	1	0	3.5	0	9912473	0.0930233	0	1
0	0	0	0	0	0	0	0	19	0	0	0	0	0	0	0	0	0	0	0	0	0	0	0.000135	0	16	2	7	0	0	2	2651996	1.1	0.004	1
1	0	1	1	1	37	229	7	117	0.666	0.666	0	0	0	0	0	5	138	1	65	4106.04	0.102	2.50887	9.18E-04	-1	63	7	0	0	80	1	3862582	0.954545	0.352	1
0	0	0	0	0	0	0	0	4	0.925	0.925	0	0	0	0	0	0	0	0	0	0	0	0	0	0	11.6667	46	3	1	120.5	2	2504147	0.814815	1	1
0	0	1	0	0	0	1	1	59	0	0	0	0	0	0	0	0	0	0	0	4113.27	0.717	1.82368	3.15E-04	1	70	1	2	0	7	1	3813845	4.3	0	1
0	0	0	1	0	0	0	2	149	0.66	0.66	0	0	0	0	0	0	0	0	0	0	0	1.6847	2.37E-04	-1	72	2	0	0	11.5	0	1151636	1.92308	0.974	1
1	0	1	1	1	1	1	5	131	5.16	0.888	0	0	0	0	0	0	0	0	0	0	0	0	0	0	52.6667	6	0	3	6	0	121703	1.4375	0.999	1
0	0	0	0	0	0	49	2	18	0.899	0.899	0	0	0	0	0	0	0	0	0	0	0	0	2.96e-05	0	17	9	17	3	3	6	5118839	0.162791	0.097	1
1	0	1	1	1	13	171	26	229	0.901	0.901	0	0	0	0	0	0	0	0	0	0	0	0	0	0	5.66667	8	0	4	1	0	1737162	0.0909091	0.001	1
1	0	1	1	0	1	1	1	41	0.894	0.894	0	0	0	0	0	0	0	0	59	4098.62	0.877	1.79608	1.38E-04	1	113.667	3	0	0	43.5	0	70201	0.101266	0	1
0	0	0	0	0	14	200	0	5	0.841	0.841	0	0	0	0	0	0	0	0	0	0	0	0	0	0	3.33333	6	5	2	2	3	465734	0.863636	0	1
0	0	0	0	0	0	126	0	0	0.923	0.923	0	0	0	0	0	0	0	0	0	0	0	0	0	0	4	0	6	1	0.5	3	1191502	11.5	0.006	1
0	0	0	0	0	0	0	0	11	0	0	0	0	0	1	0	22	211	0	58	4117.54	0.829	1.72097	1.70E-04	-1	8.33333	3	4	2	0.5	1	337748	0.120482	0	1
1	1	1	1	1	1	1	14	232	0.234	0.234	0	0	0	0	0	0	0	0	0	0	0	0	4.27e-05	0	8	5	2	0	1.5	4	998094	9	0	1
0	0	1	1	0	0	0	1	175	0.777	0.777	0	0	0	0	0	0	0	0	4	4117.84	0.29	1.91182	9.67E-05	1	18.6667	10	2	3	167	3	3903705	6.125	0	1
0	0	0	0	0	0	0	0	27	0	0	0	0	0	0	0	0	0	0	0	0	0	0.34134	1.35E-05	1	18	1	0	0	14.5	0	2226737	1.8	0	0
0	0	0	0	0	0	0	0	11	0.877	0.877	0	0	0	0	0	0	0	0	0	0	0	0	0	0	8.33333	13	4	6	1	4	3713400	7.36364	0.018	0
0	0	0	0	0	0	0	0	4	0	0	0	0	0	0	0	0	0	0	0	0	0	0	0	0	2.33333	8	2	2	1.5	0	180473	7.6	0.99	0
0	0	1	0	0	0	0	0	5	0.821	0.821	0	0	0	0	0	0	0	0	0	0	0	0	0	0	1.33333	0	3	1	2	3	2354255	12	0	0
1	0	0	0	0	2	17	1	1	0.467	0.467	0	0	0	0	0	0	0	0	0	0	0	0	0	0	0.333333	3	1	1	8.5	2	7994789	0.106667	0	0
0	0	0	0	1	7	149	1	13	0.868	0.868	0	0	0	0	0	0	0	0	0	0	0	0	0	0	3.66667	7	8	2	2	17	397740	0.131579	0	0
0	0	0	0	0	0	0	1	42	0	0	0	0	0	0	0	11	166	0	4	12.55	0.89	1.78883	1.59E-04	-1	70	6	0	2	5	0	31160	0.116883	0.007	0
0	0	0	0	0	0	0	0	145	0	0	0	0	0	0	0	0	0	0	0	0	0	0	0	0	1.33333	0	4	0	0	0	7438636	0.235294	0	0
0	1	1	1	1	5	111	2	189	0.384	0.384	0	0	0	0	0	0	0	0	0	0	0	0	0	0	4	9	12	5	2	6	5513177	0.870968	0.085	0
0	0	0	0	1	0	0	0	4	0.083	0.083	0	0	0	0	0	0	0	0	0	0	0	0	0	0	2.33333	2	1	1	7.5	3	1116926	0.571429	0.166	0
0	0	1	0	0	2	22	0	23	0.847	0.847	0	0	0	0	0	0	0	0	0	0	0	0	0.000909	0	220.667	11	0	2	103	1	2001242	0.142857	0.202	0
1	1	1	1	0	48	238	1	58	0.321	0.321	0	0	0	0	0	0	0	0	0	0	0	0	0	0	8.66667	6	1	0	67.5	1	1089178	3.18182	0.517	0
0	0	0	0	0	0	0	0	40	0.731	0.731	0	0	0	0	0	0	0	0	0	0	0	0	0	0	1.33333	7	1	2	4.5	1	833003	1.26087	0.001	0
0	0	1	0	0	1	75	0	17	0.862	0.862	0	0	0	0	0	0	0	0	16	3769.68	0.781	0	8e-05	0	61.3333	24	17	14	6.5	14	1005685	0.142857	0	0
0	0	0	0	0	0	0	0	0	0	0	0	0	0	0	0	0	0	0	0	0	0	0	0	0	6.66667	9	14	11	2.5	6	85826	0.888889	0	0
0	1	0	1	0	0	0	0	166	0.517	0.517	0	0	0	0	0	0	0	0	0	0	0	0	0	0	9.33333	6	10	4	8	2	2823065	6	1	0
0	0	1	0	0	0	0	3	61	0.876	0.876	1	0	0	0	0	1	1	3	69	4115.05	0	0	0.000107	0	8.33333	7	0	2	127.5	1	739817	0.091954	0	0
0	0	0	0	0	0	0	0	8	0	0	0	1	1	1	0	5	102	4	152	4117.55	0	0	0.00086	0	5	2	1	0	0.5	0	3505496	0.0705882	0.042	0
0	0	0	0	0	0	0	1	81	0.454	0.454	0	0	0	0	0	0	0	0	0	0	0	0	0	0	2.33333	2	3	1	7.5	2	1977370	0.0641026	0.004	0
0	0	0	0	0	0	0	0	19	0.852	0.852	0	0	0	0	0	0	0	0	0	0	0	0	6.21e-05	0	443.667	148	28	23	60.5	22	5116242	0.202532	0.676	0
0	0	0	0	0	0	0	0	31	0	0	0	0	1	1	0	1	6	0	4	6.953	0.066	1.26568	3.29E-05	-1	8.33333	1	0	0	1	0	1981617	0.123457	0.553	0
0	0	0	0	0	0	0	7	176	0.543	0.543	0	0	0	0	0	0	0	0	0	0	0	0	0	0	0.333333	3	1	1	0	0	1177329	0.444444	0.011	0
0	0	1	0	0	0	0	0	33	0.312	0.312	0	0	0	0	0	0	0	0	0	0	0	0	0	0	3.33333	7	2	0	0.5	1	2597100	0.0813953	0.002	0
0	0	0	0	0	1	125	0	1	0.615	0.615	0	0	0	0	0	0	0	0	0	0	0	0	0	0	2.66667	2	3	3	0	1	946514	0.103448	0.011	0
1	1	1	0	1	3	91	7	165	0.922	0.922	0	0	0	0	0	0	26	2	101	4115.95	0.899	0.75549	2.96E-05	1	2.66667	5	0	0	35	0	49675	2.66667	0.007	0
0	0	0	0	0	1	125	0	1	0.615	0.615	0	0	0	0	0	0	0	0	0	0	0	0	0	0	0	9	2	6	0.5	1	955195	0.0930233	0.313	0
0	0	0	0	0	0	3	2	53	0.854	0.854	0	0	0	0	0	0	0	0	0	0	0	0	0	0	3	7	0	2	0.5	1	1093261	0.128571	0.027	0
0	0	0	1	0	0	0	0	16	0.339	0.339	0	0	0	0	0	0	0	0	0	0	0	0	0	0	4	8	4	5	2.5	7	4434	8.33333	0.017	0
0	0	0	0	0	0	0	0	2	0.923	0.923	0	0	0	0	0	0	0	0	0	0	0	0	0	0	1.33333	0	1	0	15	0	339253	0.325	0.74	0
0	0	0	0	0	0	0	1	35	0.328	0.328	0	0	0	0	0	0	0	0	48	39.979	0.545	0	2.54e-05	0	7	14	1	1	1.5	1	10992310	0.111111	0.077	0
0	0	1	0	0	7	177	0	29	0	0	0	0	0	0	0	0	0	0	0	0	0	0	0	0	7.33333	15	3	3	229.5	2	358979	1.91667	0.034	0
0	0	0	0	0	0	0	0	33	0.857	0.857	0	0	0	0	0	0	0	0	0	0	0	0	0	0	1.33333	1	0	0	0.5	1	1212168	0.395349	0	0
0	1	0	0	0	0	0	1	48	0.884	0.884	0	0	0	0	0	0	0	0	11	3162.14	0.838	1.51642	2.98E-05	1	2	0	2	0	0.5	4	452929	11.8333	0	0
0	0	0	0	0	0	0	3	137	3195.86	0.911	0	0	0	0	0	0	0	0	0	0	0	0	0	0	5.66667	27	3	4	44.5	2	395846	11.8571	0.01	0
0	0	0	0	0	2	125	0	160	0	0	0	0	0	0	0	0	0	0	0	0	0	0	0	0	1.66667	42	1	6	16	15	269951	0.229167	0.001	0
1	0	0	0	0	1	1	14	279	0.557	0.557	0	0	0	0	0	0	0	0	0	0	0	0	0	0	4.33333	10	1	0	90.5	0	4655	8.25	0.715	0
0	0	0	0	0	0	0	0	11	0.835	0.835	0	0	1	0	0	23	174	2	84	4059.43	0.897	0	7.15e-05	0	95.6667	4	0	1	35	0	1676296	5.66667	0.001	0
0	0	1	0	0	0	20	3	116	0	0	0	0	0	0	0	0	0	0	0	0	0	0	0	0	3.33333	3	6	2	2	0	926448	2.83333	0.002	0
0	0	0	0	0	0	0	1	41	0.924	0.924	0	0	0	0	0	0	0	0	0	0	0	0	0	0	4	13	4	6	1.5	0	188182	0.108108	0	0
0	0	1	1	0	17	214	2	87	4105.1	0	0	0	0	0	0	0	0	0	0	0	0	0	0	0	6.66667	7	36	13	14	18	7322114	5.88889	0.001	0
0	0	0	0	0	4	195	0	0	0.515	0.515	0	0	0	0	0	0	0	0	0	0	0	0	0	0	0.333333	2	0	1	11.5	0	1683185	0.0909091	0	0
0	0	1	0	0	0	0	0	0	0.719	0.719	0	0	0	0	0	0	0	0	0	0	0	0	0	0	15	12	31	11	11.5	21	4618362	0.355556	0	0
0	0	0	0	0	0	0	0	31	0.927	0.927	0	0	0	0	0	0	0	0	0	0	0	0	0	0	2.33333	8	1	0	0.5	0	15080384	5.28571	0.073	0
0	0	0	0	0	0	0	0	11	0.801	0.801	0	0	0	0	0	0	0	0	0	0	0	0	0	0	10.6667	23	69	7	10.5	15	7269867	8.28571	0.027	0
0	0	0	0	0	0	0	0	0	0	0	0	0	0	0	0	0	0	0	0	0	0	0	0	0	1.66667	8	1	2	7.5	0	4192232	2.54545	0	0
0	0	0	0	0	1	126	3	145	0.888	0.888	0	0	0	0	0	0	0	0	4	4115.16	0.823	3.09257	1.12E-04	1	18.6667	8	103	24	8	13	6530105	5.07143	0.009	0
0	0	0	0	0	0	0	0	3	0.748	0.748	0	0	0	0	0	0	0	0	16	4115.4	0.684	0	3.71e-05	0	7	5	13	2	19.5	1	477789	0.136986	0.001	0
0	0	1	0	0	0	0	0	22	0.262	0.262	0	0	0	0	0	0	0	0	0	0	0	0	0	0	17.3333	9	1	0	53.5	0	3216594	9	0.248	0
0	0	0	0	0	0	0	2	85	0.939	0.939	0	0	0	0	0	0	0	0	0	0	0	0	0	0	2.66667	7	3	3	0.5	0	521349	0.103448	0.015	0
0	0	0	0	0	0	0	1	33	0.936	0.936	0	0	0	0	0	0	0	0	0	0	0	0	0	0	164.333	25	1	0	137	1	13711869	2.57895	0.019	0
0	0	1	1	0	0	0	3	68	0.399	0.399	0	0	0	0	0	0	0	0	2	282.591	0.406	0	0.000369	0	11.6667	1	6	2	1.5	3	1125389	8.22222	0.948	0
0	0	1	1	0	0	0	0	0	0.905	0.905	0	0	0	0	0	0	0	0	0	0	0	0	0	0	5.66667	7	0	1	67	0	2008313	5.23077	0	0
0	0	1	0	0	0	0	0	12	0.291	0.291	0	0	0	0	0	0	0	0	0	0	0	0	8.44e-05	0	58.6667	0	2	0	1.5	0	96356	0.135593	0.005	0
0	0	0	0	0	0	0	1	117	0.849	0.849	0	0	0	0	0	0	0	0	0	0	0	0	0	0	1.33333	5	0	16	1.5	0	1387220	0.25	0	0
0	1	1	0	0	0	0	0	7	0.75	0.75	0	0	0	0	0	0	0	0	0	0	0	0	0	0	8	7	4	8	3.5	4	1156309	0.102273	0	0
0	0	0	0	0	0	0	0	5	0.932	0.932	0	0	0	0	0	0	0	0	20	3733.52	0.898	1.79126	1.13E-04	-1	150	71	4	2	44	2	4427403	0.105882	0	0
0	1	0	1	0	1	132	0	49	0.832	0.832	0	0	0	0	0	0	0	0	0	0	0	0	0	0	0.333333	2	1	0	0	1	8546173	9.33333	0	0
0	0	0	0	0	0	0	0	24	0.581	0.581	0	0	0	0	0	0	0	0	0	0	0	0	0	0	14.3333	22	45	14	9.5	19	6425009	2.38462	0.063	0
0	0	0	0	0	0	9	0	0	0.871	0.871	0	0	0	0	0	0	0	0	0	0	0	0	0	0	1.33333	5	2	5	0	2	1999214	0.125	0.002	0
0	0	0	0	0	0	0	1	56	0.763	0.763	0	0	0	0	0	0	0	0	0	0	0	0	0	0	3.33333	3	8	25	3	1	1602863	0.576923	0.002	0
1	0	1	0	0	1	1	1	17	0.932	0.932	0	0	0	0	0	0	0	0	0	0	0	0	0	0	13.3333	4	8	11	2	39	160198	1.72222	0	0
0	0	0	0	0	0	0	0	149	0	0	0	0	0	0	0	0	0	0	0	0	0	0	0	0	9.33333	12	3	8	2	2	2439856	0.0857143	0	0
0	0	0	0	0	0	0	0	3	0.939	0.939	0	0	0	0	0	0	0	0	0	0	0	0	0	0	5.33333	6	0	0	48.5	1	385651	9.22222	0.002	0
0	0	0	0	0	13	175	0	42	4008.58	0.442	0	0	0	0	0	0	0	0	0	0	0	0	0	0	2	2	1	2	1.5	0	511243	0.116883	0.002	0
0	0	0	0	0	0	0	1	65	0.778	0.778	0	0	0	0	0	0	0	0	0	0	0	0	0	0	0.666667	1	4	0	1	0	912525	1	0.001	0
1	0	1	1	0	22	210	18	266	0.72	0.72	0	0	0	0	0	0	0	0	0	0	0	0	0	0	15.6667	17	2	2	138.5	2	97517	0.113208	0.007	0
0	0	0	0	0	0	0	6	236	0.924	0.924	0	0	0	0	0	0	0	0	0	0	0	0	0	0	4.66667	2	17	6	47.5	1	4066062	0.109091	0.924	0
0	0	0	0	0	2	35	1	81	0.94	0.94	0	0	0	0	0	0	0	0	0	0	0	0	9.73e-05	0	4.33333	4	1	4	0.5	3	1240374	11	0.202	0
0	0	0	0	0	0	0	2	84	0.929	0.929	0	0	0	0	0	0	0	0	0	0	0	0	0	0	0.666667	2	5	0	2	1	4151272	0.47619	0	0
0	0	0	1	0	0	0	1	95	0.894	0.894	0	0	0	0	0	0	0	0	0	0	0	0	0	0	1.33333	5	7	0	0.5	1	670186	4.25	0	0
0	0	0	0	0	0	0	0	10	0.662	0.662	0	0	0	0	0	0	0	0	0	0	0	0	0.00177	0	5.66667	3	2	1	1.5	2	1248602	0.386364	0	0
0	0	0	0	0	0	0	0	24	0.875	0.875	0	0	0	0	0	0	0	0	17	4050.98	0.159	2.84484	1.70E-04	-1	63	2	0	0	23	0	1016957	0.243243	0.002	0
0	0	1	0	0	0	0	0	23	0.493	0.493	0	0	0	0	0	0	0	0	0	0	0	0	0	0	3	53	3	4	0	0	50135	0.296296	0.004	0
0	1	1	0	0	2	169	1	18	0	0	0	0	0	0	0	0	0	0	0	0	0	0	0	0	10	12	0	0	3.5	5	1803615	0.106667	0.06	0
0	1	1	0	1	0	0	0	144	0.801	0.801	0	0	0	0	0	0	0	0	0	0	0	0	0	0	1.66667	18	1	0	0	0	630528	0.125	0.01	0
0	0	1	1	0	0	0	0	4	0.906	0.906	0	0	0	0	0	0	0	0	0	0	0	3.10646	8.06E-05	-1	72.6667	43	0	1	280.5	1	940147	11.7143	0	0
0	0	0	0	0	0	0	1	58	0.387	0.387	0	0	0	0	0	0	0	0	0	0	0	0	0	0	4.66667	13	13	5	2	4	4603849	1.88889	0.323	0
0	0	0	0	0	0	0	0	73	4115.95	0.769	0	0	0	0	0	0	0	0	0	0	0	0	0	0	27	23	24	21	29.5	13	5995165	3.9	0	0
0	0	0	0	0	1	118	0	4	0.798	0.798	0	0	0	0	0	0	0	0	0	0	0	0	0	0	9.33333	1	2	0	1.5	2	4767626	0.102564	0.013	0
0	1	0	0	0	0	0	4	113	0.397	0.397	0	0	0	0	0	0	0	0	0	0	0	0	0	0	1	8	1	0	1.5	0	3015959	2.46154	0	0
0	0	0	0	0	1	14	0	0	0.374	0.374	0	0	0	0	0	0	0	0	0	0	0	0	0	0	2.66667	8	16	6	3	4	79256	6.22222	0.039	0
0	0	0	0	0	0	0	1	20	0.929	0.929	1	1	0	0	1	2	77	2	63	4117.55	0.925	0	6.88e-05	0	10	11	4	2	3	3	185728	0.727273	0	0
0	0	0	0	0	0	0	1	14	0.725	0.725	0	0	0	0	0	0	0	0	0	0	0	0	0	0	1.33333	3	4	4	5	2	5785894	10.1429	0	0
1	0	1	0	0	1	1	2	20	4117.47	0.412	0	0	0	0	0	0	0	0	0	0	0	0	0	0	0.666667	3	2	4	0	1	2056083	0.0617284	0.005	0
0	0	1	1	1	0	0	0	5	0.388	0.388	0	0	0	0	0	0	0	0	0	0	0	0	0	0	5.33333	8	2	3	1.5	6	4930475	0.148148	0.013	0
0	0	1	1	0	0	0	0	3	4105.68	0.515	0	0	0	0	0	0	0	0	0	0	0	0	0	0	1.33333	2	5	0	0.5	1	1807261	0.119048	0.001	0
0	0	1	0	0	20	206	1	48	0.818	0.818	0	0	0	0	0	0	0	0	0	0	0	1.42655	1.04E-04	1	39	2	0	3	2	1	1408801	0.104651	0.002	0
0	0	0	0	1	0	12	2	194	0.905	0.905	0	0	0	0	0	0	0	0	0	0	0	0	0	0	1.33333	3	1	2	2	1	5396878	0.0843373	0	0
0	0	0	0	0	0	0	1	14	0.854	0.854	0	1	1	1	0	12	214	23	324	4043.37	0.588	0	0.000525	0	9	5	5	3	1.5	4	2658741	0.0740741	0.432	0
0	0	1	1	0	15	191	0	0	0.634	0.634	0	0	0	0	0	0	0	0	0	0	0	0	0	0	0.333333	28	1	2	0	1	1928776	0.154762	1	0
0	0	0	0	0	0	0	0	167	0.889	0.889	0	0	0	0	0	0	0	0	0	0	0	0	0	0	3.66667	5	0	0	1	1	7898472	0.85	0	0
1	0	1	0	0	1	1	19	296	0.814	0.814	0	0	0	0	0	0	0	0	0	0	0	0	0	0	14.6667	61	14	32	9	16	121250	0.129412	0	0
0	0	0	0	0	0	0	1	24	0.416	0.416	0	1	1	1	0	11	201	10	217	4115.48	0.83	2.18794	5.89E-04	1	6.33333	4	1	15	1.5	1	2046050	7.71429	0.088	0
0	0	0	0	0	1	147	0	0	0.91	0.91	0	0	0	0	0	0	0	0	0	0	0	0	0	0	2.33333	28	1	6	0.5	3	1890677	7.11111	0.002	0
0	0	0	0	0	0	4	0	21	0.906	0.906	0	0	0	0	0	0	0	0	0	0	0	0	0	0	1.33333	15	0	0	0	0	4309880	1.33333	0.746	0
0	0	0	1	0	1	147	0	0	0.344	0.344	0	0	0	0	0	0	0	0	0	0	0	0	0	0	13.3333	6	6	2	55	1	46524	0.0681818	0.001	0
0	1	0	0	0	1	120	4	118	3977.08	0.46	0	0	0	0	0	0	0	0	0	0	0	0	0	0	1	4	0	1	2	1	304165	0.131148	0.008	0
0	0	1	0	0	0	0	0	0	0.719	0.719	0	0	0	0	0	0	0	0	0	0	0	0	0	0	8	12	77	11	10.5	8	4725722	0.404255	0.006	0
0	0	1	0	0	23	177	0	18	0.929	0.929	0	0	0	0	0	0	0	0	0	0	0	0	0	0	27.3333	2	1	1	88	1	145486	9.28571	0	0
0	1	1	1	0	4	181	2	14	0.566	0.566	0	0	0	0	0	0	0	0	0	0	0	0	0	0	5	2	0	0	4.5	0	12648245	0.111111	0.105	0
0	0	1	0	0	1	49	0	0	0.203	0.203	0	0	0	0	0	0	0	0	0	0	0	0	0	0	14.3333	25	36	18	10	16	6614048	0.777778	0.034	0
0	0	0	0	0	0	0	0	4	0.069	0.069	0	0	0	0	0	0	0	0	0	0	0	0	0	0	5	13	0	4	2.5	1	11663029	0.1125	0	0
1	0	0	0	0	1	1	6	82	0.095	0.095	0	0	0	0	0	0	0	0	0	0	0	0	0	0	71	0	0	0	13.5	0	1132387	0.131579	0.009	0
0	0	0	0	0	0	0	0	144	0.684	0.684	0	0	0	0	0	0	0	0	0	0	0	0	0	0	1.66667	7	6	2	1.5	1	133320	6	0.005	0
0	1	0	0	0	0	0	0	7	0.582	0.582	0	0	0	0	0	0	0	0	31	4108.56	0.803	1.83754	2.02E-04	1	4.33333	3	2	0	0	1	3444626	0.0843373	0	0
0	0	0	0	0	0	0	0	1	0	0	0	0	0	0	0	0	0	0	0	0	0	0	0	0	1.66667	3	1	1	1	0	3393023	3.875	0	0
0	0	0	0	0	0	0	0	3	0	0	0	0	0	0	0	0	0	0	0	0	0	0	0	0	11.6667	9	13	95	1.5	18	1487210	0.150685	0.016	0
0	1	1	0	0	0	0	1	227	0.932	0.932	0	0	0	0	0	0	0	0	0	0	0	0	0.000698	0	7	19	2	4	17.5	0	663	0.5	0	0
0	0	0	0	0	0	0	1	22	0.569	0.569	0	0	0	0	0	0	0	0	0	0	0	0	0	0	3.33333	7	5	2	27.5	1	402151	6.44444	0.097	0
0	0	0	0	0	0	0	0	32	0	0	0	0	0	0	0	0	0	0	0	3893.37	0.174	0	9.4e-05	0	154.333	1	0	0	1.5	0	2960910	7.5	0	0
1	1	1	1	0	48	238	1	58	0.321	0.321	0	0	0	0	0	0	0	0	0	0	0	0	0	0	0.333333	0	0	0	0	0	695828	8	0.986	0
0	0	0	0	0	3	191	0	1	0.928	0.928	1	0	1	0	0	1	1	1	2	4093.64	0.927	0	2.02e-05	0	63.6667	6	1	0	80	0	1148347	9	0.001	0
0	0	0	0	0	0	0	0	2	0.788	0.788	0	0	0	0	0	0	0	0	0	0	0	0	0	0	1	3	1	0	0.5	2	3028989	7.7	0.313	0
0	0	0	0	0	0	0	0	73	4115.95	0.769	0	0	1	0	0	2	105	39	339	4117.55	0.886	2.89015	2.75E-03	1	1256	2	0	0	62	0	6002317	4	0.021	0
0	1	1	0	0	0	0	0	21	0.832	0.832	0	0	0	0	0	0	0	0	0	0	0	0	0	0	3	20	2	2	4.5	2	275152	0.285714	0.011	0
0	0	1	1	0	3	116	3	100	0.927	0.927	0	0	0	0	0	0	0	0	0	0	0	0	0	0	0.333333	0	2	1	1	0	7344555	1.86667	0.001	0
0	0	0	0	0	0	0	0	2	0.9	0.9	0	0	0	0	0	0	0	0	0	4094.11	0.879	0	0.000279	0	5.33333	4	4	1	46.5	4	1444564	0.166667	0	0
1	0	1	1	0	26	215	5	98	0.665	0.665	0	0	0	0	0	0	0	0	0	0	0	0	0	0	2	5	0	5	0	1	893325	0.24	0.044	0
0	0	0	0	0	0	0	0	0	0	0	0	0	0	0	0	0	0	0	0	0	0	0	0	0	3	8	2	9	0	0	127837	0.0895522	0	0
0	0	0	0	0	0	0	0	11	0.801	0.801	0	0	0	0	0	0	0	0	0	0	0	0	0	0	21.6667	33	35	11	15.5	5	6540400	0.764706	0	0
0	0	0	1	1	20	225	1	64	0	0	0	0	1	0	0	2	105	39	339	4117.55	0.886	0	0.000233	0	10	6	0	0	165.5	0	1478508	2.125	0	0
0	0	1	1	0	0	0	2	160	0.758	0.758	1	0	1	1	0	39	228	3	174	3972.76	0	1.91112	1.38E-04	-1	10.6667	3	0	0	21	0	195952	3.30769	0.112	0
0	0	0	0	0	1	98	3	47	0.602	0.602	0	0	0	0	0	0	0	0	0	0	0	1.64678	3.08E-05	-1	23.6667	2	1	2	0.5	1	1204952	0.119048	0	0
0	0	0	0	0	0	0	0	3	0.332	0.332	0	0	0	0	0	0	0	0	0	0	0	0	0	0	3	2	12	3	1.5	3	3005283	3.69231	0.001	0
0	0	0	0	0	0	0	1	63	0.933	0.933	0	0	0	0	0	0	0	0	0	0	0	0	0	0	3.66667	4	2	5	0.5	1	441378	3.16667	0.001	0
0	0	0	0	0	0	0	0	3	0	0	0	0	0	0	0	0	0	0	0	0	0	0	0	0	2.33333	12	2	2	0.5	0	2100518	0.166667	0.115	0
0	0	0	0	0	0	0	0	15	0	0	0	0	0	0	0	0	0	0	0	0	0	0	0	0	2.33333	14	2	3	6	0	10415674	0.0731707	0	0
0	0	0	0	0	18	203	1	6	0.69	0.69	0	0	0	0	0	0	0	0	0	0	0	2.2958	6.63E-04	1	64.6667	5	1	0	1.5	1	1498737	0.210526	0	0
0	0	0	0	0	0	0	0	22	0	0	0	0	0	0	0	0	0	2	14	878.242	0	0	0.00212	0	14.6667	4	4	2	3	0	1714862	0.227273	0	0
0	0	0	0	0	0	0	0	12	0.43	0.43	0	0	0	0	0	0	0	0	0	0	0	0	0	0	2.66667	8	0	1	73	1	556763	1.125	0.001	0
0	0	1	1	0	17	214	2	87	4105.1	0	0	0	0	0	0	0	0	0	0	0	0	0	0	0	11.6667	13	70	8	11	13	7136669	8.875	0.104	0
0	0	0	0	0	0	1	0	10	0.892	0.892	0	0	0	0	0	0	0	0	0	0	0	0	0	0	5.66667	8	2	2	42	0	89743	0.633333	0.001	0
0	1	0	1	0	44	235	6	235	255.069	0.853	0	0	0	0	0	0	0	0	0	0	0	0	0	0	1.66667	7	4	4	3	2	2633544	0.108434	0.844	0
0	0	1	0	0	17	212	2	68	0	0	0	0	0	0	0	0	0	0	0	0	0	0	0	0	21.3333	5	0	2	2	0	229389	0.103896	0.031	0
0	0	0	0	0	0	0	1	154	0.332	0.332	0	0	0	0	0	0	0	0	0	0	0	0	0	0	18	23	2	4	272.5	1	4599053	5.625	0	0
0	0	0	1	0	0	0	2	59	3245.12	0.926	0	0	0	0	0	0	0	0	12	3894.76	0.034	1.3427	9.83E-05	1	10.6667	17	1	1	130	3	1508555	0.107143	0.036	0
0	0	0	0	0	19	224	0	27	0.782	0.782	0	0	0	0	0	0	0	0	0	0	0	0	0	0	1.66667	5	1	0	7.5	2	1165626	0.075	0	0
0	0	0	0	0	0	0	0	3	0.814	0.814	0	0	0	0	0	0	0	0	0	0	0	0	0	0	5.66667	47	3	1	57.5	2	450559	7.27273	0.006	0
0	0	1	0	0	18	197	0	16	2050.34	0.747	0	0	0	0	0	0	0	0	0	0	0	0	0	0	2	3	7	0	0.5	0	718752	5.33333	0.517	0
0	1	0	0	0	0	0	0	9	0.298	0.298	0	0	0	0	0	0	0	0	0	0	0	0	0	0	59.6667	1	0	0	9	0	1156816	0.0958904	0.022	0
0	0	0	0	0	0	0	0	20	0.535	0.535	0	0	0	0	0	0	0	0	0	0	0	0	0.000418	0	65.3333	5	0	0	5.5	0	4286155	0.125	0.003	0
0	1	1	0	0	0	12	1	63	0	0	0	0	0	0	0	0	0	0	11	4116.55	0.602	0.01649	3.43E-06	-1	20.6667	13	1	1	1.5	1	1313274	3.18182	0.087	0
0	0	0	0	0	0	0	0	22	0.905	0.905	0	0	0	0	0	0	0	0	0	0	0	0	0	0	1	4	0	0	1	3	8735435	6.66667	0.143	0
1	1	1	0	0	1	1	4	133	0.817	0.817	0	0	0	0	0	0	0	0	0	0	0	2.77657	1.10E-03	-1	81.6667	7	1	1	9.5	0	1188844	0.0930233	0.155	0
0	0	0	0	0	0	0	2	89	0	0	0	0	0	0	0	0	0	0	0	0	0	0	0	0	3.66667	14	2	2	5	2	870259	0.0833333	0	0
0	0	1	0	0	0	0	1	176	0.779	0.779	0	0	0	0	0	0	0	0	0	0	0	0	0	0	1.66667	8	1	3	14	3	169426	0.0581395	0.281	0
0	0	1	0	0	0	0	0	31	0.689	0.689	0	0	0	0	0	0	0	0	0	0	0	0	0	0	1.66667	5	1	0	2	0	3678208	8.28571	0.002	0
0	1	0	1	0	0	0	4	166	0.691	0.691	0	0	0	0	0	0	0	0	0	0	0	0	0	0	1.33333	0	3	9	0.5	0	604117	15.2	0.338	0
0	0	0	0	0	0	0	0	25	0.647	0.647	0	0	0	0	0	0	26	2	101	4115.95	0.899	1.24693	5.34E-06	-1	4.33333	1	1	2	2	0	315138	0.681818	0.001	0
0	0	0	0	0	0	0	0	44	0.914	0.914	0	0	0	0	0	0	0	0	0	0	0	0	0	0	0	0	1	1	0.5	2	78390	0.0909091	0	0
0	0	0	0	0	0	0	0	6	0.849	0.849	0	0	0	0	0	0	0	0	0	0	0	0	0	0	3.33333	20	3	25	4	9	1871024	5.27273	0.559	0
0	0	0	0	0	0	0	0	148	0.199	0.199	0	0	0	0	0	0	0	0	0	0	0	0	0	0	1.66667	3	2	6	1	2	2763927	0.0681818	0	0
0	0	0	0	0	0	0	0	8	0.899	0.899	0	0	0	0	0	0	0	0	0	0	0	0	0	0	2	8	2	0	0.5	3	639819	0.230769	0.015	0
0	1	1	1	0	1	27	1	47	0.666	0.666	0	0	0	0	0	0	0	0	0	0	0	1.21621	2.43E-05	1	43	0	5	0	48.5	1	1276762	0.125	0.051	0
0	0	0	0	0	0	6	1	2	0.608	0.608	0	0	0	0	0	0	0	0	0	0	0	0	0	0	19.3333	5	1	12	0	4	224542	0.146341	0	0
0	0	1	0	0	7	163	0	0	0.927	0.927	0	0	0	0	0	0	0	0	0	0	0	0	0	0	0.333333	0	0	1	0.5	0	180478	2	0	0
0	0	0	0	0	1	32	1	38	0.846	0.846	0	0	0	0	0	0	0	0	0	0	0	0	0	0	295.667	10	2	0	12	0	1477383	7.9	0.278	0
0	0	1	0	0	0	0	0	23	0.493	0.493	0	0	0	0	0	0	0	0	0	0	0	0	0	0	35	8	3	0	75	3	23345	0.275862	0.054	0
0	1	1	0	0	0	24	0	150	0.235	0.235	0	0	0	0	0	0	0	0	0	0	0	0	0	0	5.33333	19	1	3	124	2	104411	6.22222	0	0
0	0	0	0	0	0	0	0	2	0.518	0.518	0	0	0	0	0	0	0	0	0	0	0	0	0	0	3	4	3	1	13.5	0	7238626	0.0697674	0.675	0
0	0	0	0	0	0	0	0	4	0.138	0.138	0	0	0	0	0	0	0	0	0	0	0	0	0	0	11	5	1	1	18	1	2233012	3.16667	0	0
0	0	1	0	0	2	17	1	78	0.626	0.626	0	0	0	0	0	0	0	0	16	4115.4	0.684	0	0.000235	0	32	18	0	0	118.5	0	2588205	0.125	0.027	0
0	0	0	0	0	2	71	0	0	0.869	0.869	0	0	0	0	0	0	0	0	0	0	0	0	0	0	0	7	0	2	1.5	1	62211724	8.14286	0	0
0	0	0	0	0	0	0	0	4	0.919	0.919	0	0	0	0	0	0	0	0	0	0	0	0	0	0	1	2	6	2	1.5	1	4127839	0.275	0.265	0
0	0	1	0	0	20	206	0	1	0.933	0.933	0	0	0	0	0	0	0	0	0	0	0	0	0	0	6.66667	7	32	7	5.5	14	6332109	0.466667	0	0
0	0	0	0	0	0	0	0	2	0	0	0	0	0	0	0	0	0	0	0	0	0	1.05543	6.04E-05	-1	85.3333	2	1	2	0	0	845931	0.123077	0.876	0
0	0	1	0	0	0	100	1	15	0.708	0.708	0	0	0	0	0	0	0	0	0	0	0	0	0	0	4.66667	6	0	3	44	3	4221851	0.109589	0	0
0	0	1	0	0	0	0	0	5	0.821	0.821	0	0	0	0	0	0	0	0	0	0	0	0	0	0	1	4	3	0	2.5	4	2354413	10.25	0.012	0
0	0	1	0	0	0	0	0	10	0	0	0	0	0	0	0	0	0	0	0	0	0	0	0	0	19.6667	22	0	1	103	2	93393	1.94118	0.111	0
0	0	1	0	0	1	75	0	17	0.862	0.862	0	0	0	0	0	0	0	0	2	4115.95	0	1.56621	8.47E-05	-1	88	8	27	9	4	13	953005	0.154762	0	0
0	1	0	0	0	0	0	2	42	0.777	0.777	0	0	0	0	0	0	0	0	0	0	0	0	0	0	2	2	1	2	0	0	4781445	2.2	0.001	0
0	0	0	0	0	0	0	1	51	0.096	0.096	0	0	0	0	0	0	0	0	0	0	0	0	0	0	6.66667	1	0	0	105	0	2543251	0.0641026	0.098	0
0	0	0	0	0	0	0	3	199	0	0	0	0	0	0	0	0	0	0	0	0	0	0	0	0	0.666667	5	1	0	0	2	930625	0.166667	0.049	0
0	1	0	0	0	0	0	1	181	0.882	0.882	0	0	0	0	0	0	0	0	0	0	0	0	0	0	17	16	0	1	210	1	270875	2.125	0.014	0
0	0	1	0	0	13	171	1	20	1934.29	0.882	0	0	0	0	0	0	0	0	0	0	0	0	0	0	55.6667	5	1	1	85.5	0	2610394	0.325	0	0
0	1	0	0	0	0	0	2	130	0.595	0.595	0	0	0	0	0	0	0	0	0	0	0	0	0	0	5	0	1	2	0.5	0	3609069	0.196429	0.571	0
0	0	0	0	0	0	0	0	17	0	0	0	0	0	0	0	0	0	0	0	0	0	0	0.000342	0	78	3	3	1	1.5	2	8230433	0.0454545	0	0
0	0	0	0	0	4	169	0	10	0.224	0.224	0	0	0	0	0	13	183	5	117	4117.55	0.556	1.92361	6.58E-09	1	27	1	2	0	0.5	3	677942	7.7	0.017	0
0	0	0	0	0	0	0	0	0	0.694	0.694	0	0	0	0	0	0	0	0	0	0	0	0	0	0	3.33333	9	0	0	6.5	0	499924	6.63636	0.013	0
0	0	0	0	0	0	0	3	194	0.88	0.88	0	0	0	0	0	0	0	0	0	0	0	0	0	0	1.66667	1	4	3	0.5	13	417905	0.156863	0.2	0
0	0	1	0	0	26	188	4	105	0	0	0	0	0	0	0	0	0	0	0	0	0	0	0	0	2	7	2	1	1	2	464342	7.33333	0.253	0
0	0	1	0	0	1	37	0	0	0.92	0.92	0	0	0	0	0	0	0	0	3	4116.29	0.813	0	5.06e-05	0	9.33333	19	0	0	142	1	960369	2	0	0
0	0	1	0	0	0	100	1	15	0.708	0.708	0	0	0	0	0	0	0	0	0	0	0	0	0	0	11	1	1	2	79.5	0	3853839	0.12963	0	0
1	0	0	0	0	1	1	4	208	0	0	0	0	0	0	0	0	0	0	0	0	0	0	0	0	2.33333	1	3	5	6.5	3	1057284	1.27778	0.037	0
0	0	0	0	0	12	177	0	0	4052.63	0	1	0	1	1	1	61	241	8	251	3926.06	0	0.61337	2.23E-05	-1	105.333	5	0	0	112.5	2	1166262	8.2	0.001	0
0	1	0	0	0	0	16	0	8	0	0	0	0	0	0	0	0	0	0	0	0	0	0	0	0	2	6	1	1	0	3	1150840	0.0759494	0	0
0	0	0	0	0	0	0	0	27	0.866	0.866	0	0	0	0	0	0	0	0	0	0	0	0	0	0	7.33333	9	3	3	54	1	610687	0.617647	0	0
0	0	1	0	0	0	1	1	158	0.734	0.734	0	0	0	0	0	0	0	0	0	0	0	0	0	0	2.33333	2	2	3	49.5	2	2352213	0.0823529	0	0
0	0	1	0	0	0	0	0	6	0.022	0.022	0	0	0	0	0	0	0	0	0	0	0	0	0	0	7.66667	0	1	1	0	1	3893743	0.282051	0.837	0
0	0	0	0	0	0	0	0	1	0.355	0.355	0	0	0	0	0	0	0	0	0	0	0	0	0	0	1.66667	2	0	0	83.5	0	614562	0.097561	0.002	0
0	0	1	1	0	0	0	2	122	0	0	0	0	0	0	0	0	0	0	0	0	0	0	0	0	91.6667	3	1	0	2.5	1	437222	0.142857	0.001	0
0	0	1	0	0	0	0	0	4	0.287	0.287	0	0	0	0	0	0	0	0	0	0	0	0	0.000619	0	47	10	1	2	10	1	2253173	12.5714	0	0
0	0	1	0	0	0	26	1	104	0.654	0.654	0	0	0	0	0	0	0	0	0	0	0	0	0	0	3	2	0	1	0	0	213179	11.5	0.491	0
1	0	0	0	0	3	116	4	120	0.883	0.883	0	0	0	0	0	0	0	0	0	0	0	0	0	0	1.66667	0	7	3	3	2	1692864	1.15385	0.534	0
0	0	0	1	0	0	0	0	41	0.828	0.828	0	0	0	0	0	0	0	0	0	0	0	0	0	0	2	6	2	8	1.5	0	1779942	1.78947	0	0
0	1	0	0	0	1	7	3	48	0	0	0	0	0	0	0	0	0	0	0	0	0	0	0	0	4	13	1	2	108	1	509448	0.0909091	0.002	0
0	0	0	0	0	0	0	0	0	0.879	0.879	0	0	0	0	0	0	0	0	0	0	0	0	0	0	2	10	4	0	3	2	309749	7.71429	0.563	0
0	1	0	0	0	0	0	0	9	0	0	0	0	0	0	0	0	0	0	0	0	0	0	0	0	5.33333	35	0	3	1.5	3	685994	15.8	0.001	0
0	0	0	0	0	1	118	0	0	0.769	0.769	0	1	1	1	1	42	234	10	279	4118.47	0	2.87117	1.67E-03	-1	18.3333	0	2	0	0.5	0	3382336	3.54545	0.24	0
0	0	0	0	0	0	0	0	10	0.835	0.835	0	0	0	0	0	0	0	0	0	0	0	0	0	0	6.66667	6	6	31	5.5	8	468294	7.66667	0	0
0	0	0	0	0	0	0	0	2	0	0	0	0	0	0	0	0	0	0	0	0	0	0	0	0	5	5	1	1	91.5	1	5165998	0.155172	0.019	0
0	0	0	0	0	0	0	1	56	0.763	0.763	0	0	0	0	0	0	0	0	0	0	0	0	0	0	18	33	30	55	15	28	1435848	0.173913	0	0
0	0	0	0	0	0	0	0	77	0.865	0.865	0	0	0	0	0	0	0	0	0	0	0	2.63354	1.23E-04	1	19.6667	14	0	0	108.5	0	2480739	1.35294	0.033	0
0	0	1	1	0	20	209	0	8	0.308	0.308	0	0	0	0	0	0	0	0	0	0	0	0	0	0	1	5	5	1	0	4	453565	0.103448	0	0
0	0	0	0	0	3	127	0	0	0.693	0.693	0	0	0	0	0	0	0	0	0	0	0	0	0	0	1	4	2	0	4.5	0	718803	0.125	0	0
0	0	0	0	0	0	0	0	9	0.674	0.674	0	0	0	0	0	0	0	0	0	0	0	0	0	0	2.33333	4	0	8	6.5	0	375256	0.0963855	0.002	0
0	0	0	0	0	0	0	0	73	4115.95	0.769	0	0	0	0	0	0	0	0	0	0	0	0	0	0	23	48	24	17	14	24	6020395	4.85714	0	0
0	0	0	0	0	0	0	0	13	0.507	0.507	0	0	0	0	0	0	0	0	0	0	0	0	0.000506	0	21.6667	11	8	10	6	2	1248436	2.23077	1	0
0	1	0	0	0	0	0	2	33	0.857	0.857	0	0	0	0	0	0	0	0	0	0	0	0	0	0	1.66667	6	2	0	1	2	2768019	0.5	0.001	0
0	0	0	0	0	0	0	1	41	0.135	0.135	0	0	0	0	0	0	0	0	0	0	0	1.40952	1.09E-04	1	18	13	3	0	40.5	0	2664351	6.85714	0	0
0	0	0	0	0	0	0	0	153	0.332	0.332	0	0	0	0	0	0	0	0	0	0	0	0	0	0	7	20	2	5	6.5	5	706089	8.88889	0	0
0	0	1	0	0	1	75	0	17	0.862	0.862	0	0	0	0	0	0	0	0	0	0	0	0	0	0	8.33333	10	30	5	5.5	13	935724	0.156627	0.053	0
0	0	0	0	0	0	2	0	9	0.637	0.637	0	0	0	0	0	5	138	1	65	4106.04	0.102	2.52517	9.53E-04	-1	39	1	0	0	7	0	1725833	2.13333	0.001	0
0	0	0	0	0	0	0	0	17	0.048	0.048	0	0	0	0	0	0	0	0	0	0	0	0	0	0	14	11	23	17	8	17	1082641	0.203704	0.008	0
0	1	1	1	1	0	77	12	289	0.91	0.91	0	0	1	0	0	5	101	0	0	2325.08	0.829	0	0.000201	0	27	4	2	6	2	2	10385445	8.4	0.004	0
0	1	0	0	0	13	171	2	92	0.838	0.838	0	0	0	0	0	0	0	0	0	0	0	0	0	0	2	5	0	0	26.5	0	1488786	0.25	0.309	0
0	0	0	0	0	2	9	1	31	0.688	0.688	0	0	0	0	0	0	0	0	0	0	0	0	0	0	1.33333	3	1	2	1	2	3144291	0.410256	0	0
0	0	0	0	0	0	0	0	3	0	0	0	1	1	1	0	26	212	10	259	4117.26	0.873	0	0.000193	0	16.6667	13	1	0	112	0	2250	9.33333	0	0
0	0	0	0	0	0	0	2	54	0	0	0	0	0	0	0	0	0	0	0	0	0	0	0	0	1	1	4	1	1.5	3	321229	10.625	0	0
0	0	0	0	0	0	0	0	0	0	0	0	0	0	0	0	0	0	0	17	4117.55	0.901	3.04896	2.72E-03	1	12.6667	7	0	1	253.5	1	700242	7.8	0.072	0
0	0	0	0	0	9	197	0	47	0.389	0.389	0	0	0	0	0	0	0	0	0	0	0	0	0	0	98	18	2	3	29	2	754047	0.0813953	0	0
0	0	1	1	0	0	0	1	28	0	0	0	0	0	0	0	0	0	0	0	0	0	0	0	0	2.66667	18	3	3	2	3	262360	7.45455	0.086	0
0	0	0	1	0	0	0	0	17	0.903	0.903	0	0	1	1	0	29	195	2	68	969.585	0.841	1.29559	5.83E-05	-1	49.3333	15	0	0	244	1	1613595	4.36364	0.003	0
1	1	1	0	1	30	229	8	238	0.887	0.887	0	0	0	0	0	0	0	0	0	0	0	0	0	0	6	1	0	4	31	1	166227	1.36842	0	0
0	0	0	0	0	0	0	1	33	0	0	0	0	0	0	0	0	0	0	0	0	0	0	0	0	2.33333	4	3	0	18.5	1	1303043	9.33333	0.003	0
0	0	0	0	0	0	0	1	93	0.202	0.202	0	0	0	0	0	0	0	0	0	0	0	0	0	0	19.3333	1	4	0	2.5	3	1496632	0.0833333	0.013	0
0	0	1	0	0	0	0	0	0	0	0	0	1	1	1	0	19	201	41	296	4115.97	0.86	1.98822	2.94E-04	1	8.66667	4	2	4	1.5	0	2991074	9.28571	0.001	0
0	0	0	0	0	13	186	0	0	0.258	0.258	0	0	0	0	0	0	0	0	0	0	0	0	0	0	0	1	0	0	0	0	4046330	0.116667	0	0
0	0	0	0	0	0	0	0	0	0	0	0	0	0	0	0	0	0	0	0	0	0	0	0	0	2.33333	3	3	2	0.5	1	508853	0.104651	0	0
0	1	0	1	1	27	216	3	99	0	0	0	0	0	0	0	0	0	0	0	0	0	2.0067	9.90E-05	1	9.33333	2	2	0	71	2	181138	0.0786517	0.088	0
0	0	0	0	0	1	147	0	0	0.082	0.082	0	0	0	0	0	0	0	0	17	4117.55	0.854	0	0.00062	0	108	3	2	1	5.5	0	1004693	7.1	0.222	0
0	0	1	0	0	0	1	3	183	0.904	0.904	0	0	0	0	0	0	0	0	2	4118.19	0.649	0	7.41e-05	0	7	2	5	3	0.5	0	3997998	0.148936	0	0
0	0	0	0	0	1	149	1	28	0.877	0.877	0	0	0	0	0	0	0	0	0	0	0	1.99118	1.97E-05	1	73.3333	1	3	0	64	1	4557592	7	0	0
0	0	1	0	1	0	0	0	5	0.91	0.91	0	0	0	0	0	0	0	0	0	0	0	0	0	0	3	10	4	13	0.5	1	272266	0.272727	0.035	0
0	1	0	0	0	0	0	0	5	0.788	0.788	0	0	0	0	0	0	0	0	0	0	0	0	0	0	2	3	9	1	0.5	1	5719438	9.5	0.618	0
0	0	1	0	0	0	0	0	7	0	0	0	0	0	0	0	0	0	0	0	0	0	0	0	0	7.66667	2	0	1	46.5	0	1660912	5.90909	0.418	0
0	0	1	1	0	17	214	2	87	4105.1	0	0	0	0	0	0	0	0	0	0	0	0	0	0	0	25	29	34	21	18.5	15	6764809	9.44444	1	0
0	0	1	0	0	4	195	0	54	0.925	0.925	0	0	1	1	0	29	195	2	68	969.585	0.841	0	0.00127	0	13.3333	13	3	1	4.5	2	453937	11.2857	0.003	0
0	0	0	0	0	0	0	0	13	0	0	0	0	0	0	0	0	0	0	0	0	0	0	0	0	6.66667	6	0	10	2.5	4	266522	0.119048	0.586	0
0	0	0	0	0	13	189	1	27	0.658	0.658	0	0	0	0	0	0	0	2	22	614.557	0.811	3.16853	1.85E-04	-1	31.6667	8	1	2	35.5	2	1623232	0.0689655	0	0
0	0	0	0	0	0	0	0	4	0.843	0.843	0	0	0	0	0	0	0	0	0	0	0	0	0	0	10.6667	5	1	1	2.5	0	168327	0.116279	0	0
0	0	0	0	0	0	0	3	177	0.804	0.804	0	1	1	1	0	13	172	8	244	4115.05	0	0	0.000569	0	9.66667	2	1	1	0.5	1	852569	10.375	0	0
0	1	1	1	0	5	101	13	246	4117.55	0.869	0	0	0	0	0	0	0	0	0	0	0	0	0	0	2	0	1	0	1.5	2	1198842	12	0.007	0
0	0	1	0	0	0	0	0	6	0.632	0.632	0	0	0	0	0	0	0	0	0	0	0	0.90902	1.33E-05	-1	47.6667	4	0	3	6	1	4080134	0.207547	0.03	0
0	0	0	0	0	0	5	0	1	0.796	0.796	0	1	1	1	0	19	201	41	296	4115.97	0.86	1.94715	8.60E-05	1	12	1	1	0	0	2	1831784	6.6	0	0
0	0	0	0	0	12	177	0	0	4052.63	0	0	0	0	0	0	0	0	0	0	0	0	0	0	0	1	3	0	0	1.5	5	1167488	9.22222	0.002	0
0	1	1	1	0	5	101	13	246	4117.55	0.869	0	0	0	0	0	0	0	0	2	4118.19	0.649	0	4.81e-05	0	7.66667	12	3	4	0.5	1	1066776	0.140351	0.448	0
0	0	0	0	0	0	0	13	164	0.905	0.905	0	0	0	0	0	0	0	0	0	0	0	0	0	0	40.6667	7	0	0	49	0	471337	5.42857	0.278	0
0	0	0	0	0	0	0	0	0	0	0	0	0	0	0	0	0	0	0	0	0	0	0	0	0	2.33333	8	3	1	1	1	511791	0.120482	0.001	0
0	0	0	1	0	0	21	0	0	0.125	0.125	0	0	0	0	0	12	177	0	0	4052.63	0	1.69165	2.10E-04	-1	5.66667	3	0	0	0.5	1	1146864	0.6	0.001	0
0	0	0	0	0	0	0	0	18	0.875	0.875	0	0	0	0	0	0	0	0	0	0	0	0	0	0	1.33333	0	1	0	0	0	1365656	0.0813953	0	0
0	0	0	0	0	0	0	0	4	0.379	0.379	0	0	0	0	0	0	0	0	0	0	0	0	0	0	1.66667	4	2	1	0	1	543047	8	0	0
1	0	0	1	0	2	109	7	237	0.346	0.346	0	0	0	0	0	0	0	0	0	0	0	0	0	0	2	8	1	10	1	1	2920218	14.5	0	0
0	1	1	0	0	0	0	3	72	0.93	0.93	0	0	0	0	0	0	0	0	0	0	0	1.51522	1.45E-04	-1	58.3333	11	5	5	2.5	3	2788775	0.169231	0	0
1	0	0	0	0	2	99	2	64	0.361	0.361	0	0	0	0	0	0	0	0	0	0	0	0	0	0	2	2	3	1	2.5	0	2295374	5.71429	0	0
0	1	0	0	0	0	11	0	144	0.623	0.623	0	0	0	0	0	0	0	0	0	0	0	0	0	0	53.6667	3	0	0	32.5	0	1429181	0.0609756	0.325	0
0	0	0	0	0	0	0	3	98	0	0	0	0	0	0	0	0	0	0	0	0	0	0	0	0	0	26	3	0	0.5	0	975470	0.0909091	0.001	0
0	0	0	0	0	0	0	2	42	0.621	0.621	0	0	0	0	0	0	0	0	0	0	0	0	0	0	1	12	1	4	1	2	204703	0.158537	0.184	0
0	0	0	0	0	0	26	2	101	4115.95	0.899	0	0	0	0	0	0	0	0	0	0	0	0	0	0	1.33333	6	0	0	56	0	1054177	0.0795455	0	0
0	0	0	0	0	0	0	0	33	0.887	0.887	0	0	0	0	0	0	0	0	0	0	0	0	0	0	13.3333	10	19	14	5	7	372517	0.130952	0.023	0
0	1	0	1	0	30	230	4	210	0.903	0.903	1	0	1	0	0	22	212	10	133	4114.88	0.565	0	0.00395	0	6	3	1	17	2.5	2	1460364	0.117647	0.153	0
0	0	0	0	0	0	0	1	5	0	0	0	1	1	1	0	26	212	10	259	4117.26	0.873	1.02676	1.74E-05	-1	14	16	2	1	179	1	4392668	0.152941	0	0
0	0	0	0	0	0	0	0	8	0	0	0	0	0	0	0	0	0	0	0	0	0	0	0	0	4	12	5	1	138	3	3104359	0.0909091	0	0
0	0	0	0	0	0	0	1	91	0	0	0	0	0	0	0	0	0	0	0	0	0	0	0	0	4.33333	3	1	2	1	2	289486	12.1429	1	0
0	1	1	1	0	0	0	0	13	0.484	0.484	0	0	0	0	0	0	0	0	0	0	0	0	0	0	0.333333	0	0	0	0.5	0	869804	0.0909091	0.004	0
0	0	0	0	0	0	0	0	10	0.784	0.784	0	0	0	0	0	0	0	0	0	0	0	0	0	0	47	4	3	0	12	2	5249146	0.173913	0	0
0	0	0	0	0	0	0	0	27	0.616	0.616	0	0	0	0	0	0	0	0	0	0	0	0	0	0	56.6667	40	1	0	77	1	298077	7.8	0.011	0
0	0	0	0	0	0	0	0	13	0	0	0	0	0	0	0	0	0	0	0	0	0	0	0	0	0.666667	2	2	19	0	1	1975509	0.5	0.002	0
0	0	1	0	0	0	22	0	162	0.345	0.345	0	0	0	0	0	0	0	0	0	0	0	0	0	0	6.66667	29	5	1	6	2	942992	11	0	0
0	0	0	0	0	0	0	0	2	0.888	0.888	0	0	0	0	0	0	0	0	0	0	0	0	0	0	2.33333	9	2	0	109	0	3652923	0.277778	0.013	0
0	0	0	0	0	2	138	0	2	0.888	0.888	0	0	1	0	0	13	187	1	38	4047.58	0.12	0	0.000471	0	10.6667	12	4	3	1	1	1032964	9.11111	0	0
0	0	0	0	0	0	0	1	56	0.763	0.763	0	0	0	0	0	0	0	0	0	0	0	0	0	0	9.66667	6	13	64	9.5	6	1461296	0.177778	0.119	0
0	1	0	1	0	0	0	4	166	0.691	0.691	0	0	0	0	0	0	0	0	0	0	0	0	0	0	2.66667	9	0	2	0.5	3	615972	36.5	0.043	0
0	0	0	0	0	0	0	1	14	0.854	0.854	0	1	1	1	0	12	214	23	324	4043.37	0.588	0	0.000525	0	9	5	5	3	1.5	4	2658740	0.0740741	0.402	0
0	0	0	1	0	8	213	2	22	0.511	0.511	0	0	0	0	0	0	0	0	0	0	0	0	0.000515	0	106.333	6	8	3	8	2	573379	0.097561	0.047	0
0	0	0	0	0	0	0	0	25	0	0	0	0	0	0	0	0	0	0	2	4118.19	0.649	0	0.00186	0	24.6667	26	3	2	356	3	823711	0.244444	0.001	0
0	0	1	0	0	9	182	0	28	0.94	0.94	0	0	0	0	0	0	0	0	0	0	0	0	0	0	2	16	0	3	1	0	491125	2.4	0	0
0	0	0	0	0	0	0	1	17	0.575	0.575	0	0	0	0	0	0	0	0	0	0	0	0	0	0	2.66667	13	1	1	0.5	1	528252	0.117647	0.067	0
0	1	0	0	0	3	98	0	35	0.807	0.807	0	0	0	0	0	0	0	0	0	0	0	0	0	0	6.66667	19	1	0	32.5	0	152211	7.27273	0.004	0
0	0	1	0	0	0	0	4	118	0.886	0.886	0	0	0	0	0	0	0	0	0	0	0	0	0	0	2	1	0	0	6.5	0	2913054	0.272727	0	0
0	0	0	0	1	3	127	0	39	0.602	0.602	0	0	0	0	0	0	0	0	3	4118.78	0	0.39583	1.44E-05	1	14.6667	2	0	0	1.5	1	1515218	7.27273	0.001	0
0	0	0	0	0	0	0	2	66	0.046	0.046	0	0	0	0	0	0	0	0	0	0	0	0	0	0	1.33333	7	7	2	1	4	3289445	16.4	0	0
0	0	0	0	0	0	0	1	49	0.717	0.717	0	0	0	0	0	0	0	0	0	0	0	0	0	0	8.33333	11	4	5	267	1	1318261	0.894737	0	0
0	0	0	0	0	7	139	3	94	0.691	0.691	0	0	0	0	0	0	0	0	0	0	0	0	0	0	30.6667	26	33	27	18.5	24	185909	0.0625	0.672	0
0	0	0	1	0	0	0	3	104	0.824	0.824	0	0	0	0	0	0	0	0	0	0	0	0	0	0	18.3333	10	0	0	4.5	1	1743835	0.393939	0.034	0
0	0	0	0	0	0	0	2	28	0.785	0.785	0	0	0	0	0	0	0	0	0	0	0	0	0	0	3	6	1	3	95.5	2	68593	9.14286	0.001	0
0	0	0	0	1	7	138	5	105	0.735	0.735	0	0	0	0	0	0	0	0	0	0	0	0	0	0	0.666667	5	5	0	0	0	11894857	0.18	0.106	0
0	0	0	0	0	14	200	0	5	0.841	0.841	0	0	0	0	0	0	0	0	0	0	0	0	0	0	1.33333	0	2	2	0	0	487927	0.393939	0.002	0
0	0	0	0	0	0	0	0	0	0.694	0.694	0	0	0	0	0	0	0	0	0	0	0	0	0	0	18.6667	13	0	2	55	1	498887	6.63636	0.015	0
0	0	0	0	0	0	0	0	1	0.874	0.874	0	0	0	0	0	0	0	0	0	0	0	0	0	0	1	11	2	1	9.5	0	108214	8.3	0	0
0	0	1	1	0	1	147	1	28	0	0	0	0	0	0	0	0	0	0	3	4118.78	0	0	0.000583	0	13.6667	0	0	0	0	0	6508681	0.0597015	0	0
0	0	0	0	0	0	0	1	50	0.885	0.885	0	0	0	0	0	0	0	0	0	0	0	0	0	0	9	12	7	2	1.5	0	2806994	0.15625	0	0
0	0	0	0	0	0	0	0	2	0.903	0.903	0	0	0	0	0	0	0	0	0	0	0	0	0	0	2.66667	8	2	2	1.5	2	897385	9.125	0.016	0
0	1	0	1	0	0	53	3	73	0	0	0	0	0	0	0	0	0	0	0	0	0	0	0	0	0.333333	4	1	3	0	0	978926	12.4286	0.002	0
0	0	0	0	0	0	0	1	59	0.128	0.128	0	0	0	0	0	0	0	2	56	4109.36	0.917	0.40257	1.15E-05	-1	39.6667	0	0	0	25	2	1168903	5.30769	0	0
0	0	0	0	0	0	0	3	194	0.88	0.88	0	0	0	0	0	0	0	0	0	0	0	0	0	0	0.333333	0	3	2	0	14	417750	0.166667	0	0
0	0	0	0	0	0	0	2	51	0	0	0	0	0	0	0	0	0	0	16	12.265	0.675	1.88834	2.23E-05	-1	8.33333	2	5	3	3	3	715950	9.33333	0	0
0	0	0	0	1	0	0	2	50	0.404	0.404	0	0	0	0	0	0	0	0	0	0	0	0	0	0	18	7	2	1	72	0	152388	4.09091	0	0
0	0	0	0	1	0	0	0	4	0.083	0.083	0	0	0	0	0	0	0	0	0	0	0	0	0	0	130.333	7	0	1	1.5	1	1384626	7	0.023	0
0	0	0	0	0	3	89	1	154	0	0	0	0	0	0	0	0	0	0	0	0	0	0	0	0	1.33333	5	2	1	2.5	6	2151189	0.184211	0.051	0
0	1	0	0	1	0	0	0	172	0.804	0.804	0	0	0	0	0	0	0	0	0	0	0	0	0	0	16	19	40	15	13	10	6633830	9	0	0
0	0	0	0	0	0	0	3	191	0.816	0.816	0	0	0	0	0	0	0	0	0	0	0	0	0	0	30	4	0	1	166	0	1302465	0.0740741	0	0
0	0	0	0	0	2	12	0	0	0.297	0.297	0	0	0	0	0	0	0	0	0	0	0	0	0	0	2.33333	3	0	0	20.5	0	366643	0.0864198	0	0
0	0	0	0	0	1	147	0	0	0.814	0.814	0	0	0	0	0	4	124	9	172	4118.44	0.893	0	0.000152	0	7.33333	0	1	1	1.5	0	10410575	8.57143	0.006	0
0	0	0	0	0	0	0	0	22	0	0	0	0	0	0	0	0	0	0	0	0	0	0	0	0	5.33333	24	2	5	116	2	1878494	7.36364	0	0
0	0	0	0	0	0	0	3	226	0.769	0.769	0	0	0	0	0	0	0	0	0	0	0	0	0	0	6.33333	34	3	6	0.5	2	1113800	6.875	0.001	0
0	0	0	0	0	0	0	0	40	0.394	0.394	0	1	1	1	0	26	212	10	259	4117.26	0.873	0	3.84e-06	0	16.3333	3	1	5	11	0	1957212	11.4286	0.008	0
0	0	0	0	1	9	167	4	192	0	0	0	0	0	0	0	0	0	0	0	0	0	0	0	0	0.333333	12	0	9	0.5	5	2786923	1.10526	0	0
1	0	0	0	0	1	1	2	127	0.325	0.325	0	1	1	1	0	0	0	37	362	4106.93	0.893	0	0.000506	0	54.3333	4	6	5	3.5	3	2128417	5.125	0.03	0
0	0	0	1	0	0	0	3	108	0.858	0.858	0	0	0	0	0	0	0	0	0	0	0	0	0	0	1.33333	10	1	0	7.5	0	8669029	0.075	0.071	0
0	1	1	1	0	1	15	0	0	0.5	0.5	0	0	0	0	0	0	0	0	0	0	0	0	0	0	20.3333	30	2	0	4.5	0	813835	1.47368	0.006	0
0	0	0	0	0	0	0	0	16	0.925	0.925	0	0	1	0	0	2	105	39	339	4117.55	0.886	0	0.000147	0	173.667	16	0	1	43.5	2	16692191	0.512821	1	0
0	0	1	0	0	1	75	0	4	4113.8	0.751	0	0	0	0	0	0	0	0	0	0	0	0.06675	1.05E-05	-1	3	1	1	9	0.5	1	1964661	0.486486	0.002	0
1	1	1	1	0	13	178	2	27	0	0	0	0	0	0	0	0	0	0	0	0	0	0	0	0	3	9	1	0	65.5	1	837141	0.297297	0	0
1	1	0	0	0	3	66	6	120	0.343	0.343	0	0	0	0	0	0	0	0	0	0	0	0	0	0	2	4	4	0	2.5	1	287199	9.42857	0	0
0	0	1	1	0	0	0	0	144	0.639	0.639	0	0	0	0	0	19	200	1	32	4117.55	0.764	1.64733	5.06E-05	-1	123.667	1	3	3	32.5	1	2060105	0.0689655	0	0
0	0	0	0	0	0	0	2	35	0.671	0.671	0	0	0	0	0	0	0	0	16	4115.82	0.939	0	8.77e-05	0	20	0	3	1	2	2	660335	0.1125	0	0
0	0	0	0	0	0	0	0	26	0	0	0	0	0	0	0	0	0	0	0	0	0	0	0	0	3.66667	23	1	0	6.5	2	838576	0.611111	0	0
0	0	0	0	0	8	195	0	0	0.696	0.696	0	0	0	0	0	0	0	0	0	0	0	0	0	0	3.66667	1	1	15	1	3	65216	6.09091	0	0
0	1	0	0	0	0	0	0	0	0.929	0.929	0	0	0	0	0	0	0	0	0	0	0	0	0	0	63	2	0	2	0.5	0	5483	0.245283	0.59	0
0	1	0	0	0	0	0	0	10	0.882	0.882	0	0	0	0	0	0	0	0	3	4118.78	0	1.2146	3.47E-05	-1	1.66667	0	1	6	0.5	1	1371029	2.58333	0.006	0
0	0	1	0	0	1	144	2	149	0	0	0	0	0	0	0	0	0	0	0	0	0	0	0	0	7.33333	6	3	0	1	1	3124572	0.183333	0.999	0
0	0	1	1	0	0	0	1	52	0.875	0.875	0	0	0	0	0	0	0	0	0	0	0	0	0	0	1	12	0	1	42	0	3478154	6.85714	0.841	0
0	1	1	1	0	9	202	2	43	0.835	0.835	0	0	0	0	0	0	0	0	0	0	0	0	0	0	9.66667	7	0	0	29.5	1	1800620	0.0657895	0.071	0
0	0	1	0	0	0	0	5	70	0.794	0.794	0	0	0	0	0	0	0	0	0	0	0	0	0.000534	0	8.33333	19	3	1	2	0	1420588	6.75	0.02	0
0	0	1	0	0	17	212	2	68	0	0	0	0	0	0	0	0	0	0	0	0	0	2.51727	1.41E-03	-1	20.6667	7	1	3	0	1	229161	0.106667	0.011	0
0	0	0	0	0	0	0	3	69	0	0	0	0	0	0	0	0	0	0	0	0	0	0	0	0	3	21	5	6	4	2	3275607	0.103448	0	0
1	0	1	0	0	1	1	2	38	0.002	0.002	0	0	0	0	0	0	0	0	0	0	0	0	0	0	1.66667	2	7	5	2	9	6008726	3.4	0.001	0
0	0	1	0	0	16	192	0	0	0.229	0.229	0	0	0	0	0	0	0	0	0	0	0	0	0	0	0	0	0	1	0	2	76087	3.2	0.338	0
0	0	1	1	0	14	185	9	267	0.1	0.1	0	0	0	0	0	19	200	1	32	4117.55	0.764	1.39624	9.93E-05	-1	139	1	0	1	11	0	178068	0.105263	0.048	0
0	0	1	0	0	0	0	2	100	0	0	0	0	0	0	0	0	0	0	0	0	0	0	0	0	4	6	0	0	38	1	2435248	0.117647	0.001	0
0	0	1	0	1	0	0	0	8	0	0	0	0	0	0	0	0	0	0	0	0	0	0	0	0	4.66667	3	1	2	11.5	1	198389	0.0909091	0.002	0
0	0	0	0	0	0	0	0	11	0	0	0	0	0	0	0	0	0	0	0	0	0	0	0	0	6.33333	10	1	0	56	0	826452	3.55556	0	0
0	0	0	0	1	0	0	1	96	0	0	0	0	0	0	0	0	0	0	0	0	0	0	0	0	144.333	6	0	2	62.5	0	2061334	0.0833333	0	0
0	0	0	0	0	0	0	0	14	0.067	0.067	0	0	0	0	0	0	0	0	0	0	0	0.43906	8.11E-06	-1	9.33333	4	0	10	1.5	1	956469	0.0895522	0	0
0	0	1	0	0	0	27	0	0	0	0	0	0	0	0	0	0	0	0	0	0	0	0	0	0	0.666667	1	0	0	8.5	0	909505	0.116279	0	0
0	1	1	0	0	0	0	0	7	0.75	0.75	0	0	0	0	0	0	0	0	0	0	0	0	0	0	33	33	24	170	16	21	44614	0.230769	0.003	0
0	0	0	0	0	0	0	1	46	0	0	0	0	0	0	0	0	0	0	0	0	0	0	0	0	1	0	1	0	17	0	3045811	2.90909	0	0
1	1	1	0	1	1	1	3	160	0.844	0.844	0	0	0	0	0	0	0	0	0	0	0	0	0	0	13.6667	13	0	0	10	2	6534997	0.1	0.008	0
0	0	0	0	0	0	0	0	20	0	0	0	0	0	0	0	0	0	0	0	0	0	0	0	0	12	3	0	0	9	0	3139500	0.435897	0.004	0
0	0	0	0	0	0	0	0	13	0.937	0.937	0	0	0	0	0	0	0	0	0	0	0	0	0	0	2.66667	3	0	1	57.5	0	2095044	0.104651	0.016	0
0	0	0	0	0	2	168	0	19	0.596	0.596	0	0	0	0	0	0	0	0	0	0	0	0	0	0	3.33333	12	0	5	1.5	6	984857	9.55556	0.022	0
0	0	1	0	0	0	0	0	3	0	0	0	0	0	0	0	0	0	0	0	0	0	0	0	0	2.33333	2	1	1	3	2	585297	0.354839	0	0
0	0	0	0	0	0	0	0	65	0	0	0	0	0	0	0	0	0	0	0	0	0	0	0	0	2	5	6	1	2.5	2	2925986	0.144928	0.038	0
0	0	0	0	0	0	7	0	1	0	0	0	0	1	0	0	0	0	12	283	0.918	0.918	1.95818	1.85E-04	-1	32.6667	5	3	5	1.5	0	1521527	0.116883	0	0
0	0	0	0	0	0	0	0	29	0.94	0.94	0	0	0	0	0	0	0	0	0	0	0	0	0	0	16.3333	18	0	0	153	2	1630326	7.375	0.001	0
0	0	0	0	0	0	0	0	28	0.746	0.746	0	0	0	0	0	0	0	0	0	0	0	0	0	0	0.333333	3	8	9	0	6	507443	0.115942	0.065	0
0	0	0	0	0	0	0	0	21	0.801	0.801	0	0	0	0	0	0	0	0	0	0	0	0	0	0	19.6667	16	0	1	10.5	0	3818805	0.0952381	0.08	0
0	0	0	0	0	0	0	0	15	4105.17	0.903	0	0	0	0	0	0	0	0	0	0	0	0	0	0	0.666667	5	8	22	1	2	42762	0.0714286	0	0
0	0	0	0	0	3	48	0	32	0.004	0.004	0	0	0	0	0	0	0	0	0	0	0	0	0	0	0.666667	3	1	1	0.5	1	1694869	7.55556	0	0
0	1	1	0	0	1	129	0	4	0.587	0.587	0	0	0	0	0	0	0	0	0	0	0	0	0	0	12.6667	14	1	4	77.5	1	66952	0.17284	0.001	0
0	0	0	0	1	9	167	4	192	0	0	0	0	0	0	0	0	0	0	0	0	0	0	0	0	0.333333	1	1	0	0	0	2828282	7.14286	0	0
0	0	1	1	0	0	0	0	0	0.905	0.905	0	1	1	1	0	18	203	1	44	2459.8	0.922	2.99123	9.81E-05	1	21.3333	2	6	1	3	6	2243914	5.77778	0.017	0
0	0	0	0	0	0	0	1	49	0.419	0.419	0	0	0	0	0	0	0	0	0	0	0	0	0	0	0.333333	0	0	0	0.5	0	3046517	4.2	0	0
0	0	0	0	0	0	0	1	113	0.591	0.591	0	0	0	0	0	0	0	0	0	0	0	0	0	0	10.3333	0	6	1	52.5	4	577705	6.5	0.165	0
0	0	1	1	0	4	195	10	256	236.323	0.652	0	0	0	0	0	0	0	0	0	0	0	0	0	0	1.33333	1	0	2	0.5	2	1890083	1.55556	0.001	0
0	0	1	0	0	0	32	0	34	0.526	0.526	0	0	0	0	0	0	0	0	0	0	0	0	0	0	31.6667	21	1	0	50	2	371900	0.818182	0.003	0
0	0	0	0	0	0	0	0	22	0.913	0.913	0	0	0	0	0	0	0	0	0	0	0	0	0	0	3.33333	1	25	5	0.5	1	7991503	0.107143	0.256	0
1	0	1	0	0	1	1	19	296	0.814	0.814	0	0	0	0	0	0	0	0	0	0	0	0	0	0	75	221	35	25	89.5	34	86012	0.154762	0	0
0	1	0	0	1	0	0	0	172	0.804	0.804	0	0	0	0	0	0	0	0	0	0	0	0	0	0	19.6667	23	30	19	9	20	6523795	4	0.001	0
0	0	0	0	0	2	144	0	22	0.94	0.94	0	0	0	0	0	0	0	0	0	0	0	0	0	0	31	5	0	2	3.5	1	932607	0.324324	0.071	0
1	0	1	0	0	1	1	1	83	0.941	0.941	0	0	0	0	0	0	0	0	0	0	0	0	0	0	5.66667	4	3	10	1.5	8	945946	0.23913	0.001	0
0	0	0	0	0	0	0	6	236	0.924	0.924	0	0	1	0	0	2	105	39	339	4117.55	0.886	2.49109	1.19E-05	-1	48.6667	2	0	2	90	0	4066473	0.109091	0.001	0
0	0	0	0	0	2	48	2	111	0	0	0	0	0	0	0	0	0	0	0	0	0	0	0	0	3	5	4	2	2	0	2378371	5.42857	0.016	0
0	0	0	0	0	0	0	0	15	0.397	0.397	0	0	0	0	0	0	0	0	0	0	0	0	0.000102	0	55.3333	2	2	2	5	4	3968533	0.114943	0	0
0	1	0	0	0	0	0	0	0	0.808	0.808	0	0	0	0	0	0	0	0	0	0	0	0	0	0	17.6667	3	0	0	99	1	2283138	1.86207	0.017	0
0	0	1	0	0	25	203	0	0	0.867	0.867	0	0	0	0	0	0	0	0	8	0.513	0.513	0	0.000917	0	13.6667	4	4	0	17.5	2	1506676	5.375	0	0
0	0	0	0	0	2	38	0	2	0.382	0.382	0	0	0	0	0	0	0	0	0	0	0	0	0	0	0.333333	1	0	1	2.5	0	1824553	9.375	0	0
0	0	0	0	0	0	0	2	77	0.898	0.898	0	0	0	0	0	0	0	0	0	0	0	0	0	0	8.66667	11	10	5	6.5	4	827503	0.105882	0	0
0	0	1	0	0	0	0	1	16	0.932	0.932	0	0	0	0	0	0	0	0	0	0	0	0	0	0	1.66667	13	1	10	1	1	667887	16	0.015	0
0	0	0	0	0	0	0	0	17	0.048	0.048	0	0	0	0	0	0	0	0	0	0	0	0	0	0	1.66667	1	3	1	0.5	2	1109181	0.214286	0.002	0
0	0	0	0	0	7	139	3	86	0.879	0.879	0	0	0	0	0	0	0	0	0	0	0	0	0	0	1	2	1	11	2	4	20491	0.244898	0	0
0	0	0	0	0	0	0	0	8	0.806	0.806	0	0	0	0	0	0	0	0	0	0	0	0	0	0	124	0	0	0	12.5	0	444066	0.25641	0.912	0
0	0	1	0	0	1	75	0	17	0.862	0.862	0	0	0	0	0	0	0	0	0	0	0	0	0	0	14.6667	13	11	33	5	11	1132893	0.114943	0	0
0	0	0	0	0	0	0	0	11	0	0	0	0	0	0	0	0	0	0	0	0	0	0	0.0015	0	2	6	2	9	3.5	2	822794	9.44444	0.035	0
0	0	1	0	0	5	152	0	14	0.775	0.775	0	0	0	0	0	0	0	0	0	0	0	0	0	0	19.3333	2	0	1	41	1	1436435	0.169231	0.062	0
0	0	0	0	0	8	195	0	77	0.914	0.914	0	0	0	0	0	0	0	0	0	0	0	1.14546	1.39E-05	-1	51	0	1	2	0.5	1	177662	5.41667	0.036	0
0	1	0	0	0	0	0	0	144	0.917	0.917	0	0	0	0	0	0	0	0	0	0	0	0	4.48e-05	0	11	3	0	2	8	0	835505	0.145833	0	0
0	1	0	0	0	0	0	0	2	0.037	0.037	0	0	0	0	0	0	0	0	0	0	0	0	0	0	0.666667	1	1	0	7	1	7781871	9.25	1	0
0	0	0	0	0	0	0	2	115	0.909	0.909	0	0	0	0	0	0	0	0	0	0	0	0	0	0	1.33333	9	3	5	2.5	0	1321417	0.0810811	0.008	0
1	0	1	1	0	5	101	4	166	3924.01	0.883	0	0	0	0	0	0	0	0	0	0	0	0	0	0	0.666667	0	0	0	1	0	62232004	7.375	0.995	0
0	0	0	0	0	0	0	0	2	0	0	0	0	0	0	0	0	0	0	0	0	0	0	0	0	5	4	2	3	113	4	509355	6.28571	0.032	0
0	0	0	0	0	0	0	1	16	4036.76	0	0	0	0	0	0	0	0	0	0	0	0	0	0	0	0	1	0	1	0	1	870837	0.172414	0.004	0
0	0	1	1	0	0	0	1	81	0.671	0.671	0	0	0	0	0	0	0	0	0	0	0	0	0	0	4.66667	4	1	3	100	1	13751245	3.76923	0	0
0	0	0	0	0	0	0	0	1	0.355	0.355	0	0	0	0	0	0	0	0	0	0	0	0	0	0	74	5	1	0	54	0	492756	0.13253	0	0
0	0	1	0	0	1	75	0	17	0.862	0.862	0	0	0	0	0	0	0	0	0	0	0	0	0	0	3	15	2	4	0.5	5	981131	0.127907	0	0
0	0	0	0	0	0	0	0	0	0.388	0.388	0	0	0	0	0	0	0	0	0	0	0	0	0	0	1.33333	3	4	1	32.5	0	5420229	0.59375	0.858	0
0	0	0	0	0	1	64	2	23	0.884	0.884	0	0	0	0	0	0	0	0	0	0	0	0	0	0	6.66667	31	2	0	160.5	1	846996	0.166667	0.075	0
0	0	1	0	0	1	75	0	17	0.862	0.862	0	0	0	0	0	0	0	0	0	0	0	1.55823	4.40E-05	-1	18.6667	36	16	11	6.5	7	1094828	0.117647	0.001	0
0	1	0	0	0	2	168	0	0	0.719	0.719	0	0	0	0	0	0	0	0	0	0	0	0.40899	4.01E-07	1	168.333	17	1	1	5.5	0	319472	2.04348	0	0
0	0	1	0	0	0	0	0	14	0.744	0.744	0	0	0	0	0	0	0	0	0	0	0	0	8.74e-05	0	20.6667	1	0	1	34.5	0	531268	4.1	0	0
0	0	1	0	0	7	172	0	42	0.929	0.929	0	0	0	0	0	0	0	0	0	0	0	0	0.000969	0	161.667	6	2	1	4.5	1	2371554	9.11111	0	0
0	0	0	0	0	0	0	1	24	0.456	0.456	0	1	1	1	1	3	154	1	7	4116.59	0.73	2.38595	4.66E-04	-1	14.6667	2	6	5	2	3	2255910	16.4	0.277	0
0	1	1	1	0	0	0	3	149	2100.47	0.927	0	0	0	0	0	0	0	0	26	3990.5	0.884	0	2.2e-05	0	4.66667	8	3	5	2.5	2	141242	0.184211	0.003	0
0	1	1	1	0	26	215	3	131	0.71	0.71	0	0	0	0	0	0	0	0	0	0	0	0	0	0	1.33333	4	1	1	0	1	4530135	0.0714286	0.015	0
0	0	0	0	0	0	0	0	144	0.805	0.805	0	0	0	0	0	0	0	0	0	0	0	0	0	0	7.66667	0	3	1	0.5	4	1513733	8.625	0.001	0
0	0	0	0	0	0	0	2	36	0.827	0.827	0	0	0	0	0	0	0	0	0	0	0	0	0	0	14.6667	9	68	17	10	9	7123764	7.88889	0.001	0
0	0	1	0	0	1	75	0	17	0.862	0.862	0	0	0	0	0	0	0	0	0	0	0	0	0	0	9	4	11	3	3.5	5	937168	0.158537	0.317	0
0	1	1	1	1	5	111	2	189	0.384	0.384	0	0	0	0	0	0	0	0	0	0	0	0	0	0	25	35	53	31	20.5	26	6766946	8.3	0.001	0
0	0	0	0	0	0	0	2	79	0.544	0.544	0	0	0	0	0	0	0	0	4	3454.73	0.871	0.03349	7.39E-06	-1	12.3333	0	6	3	1.5	2	514588	9.55556	0	0
0	0	0	0	0	0	0	0	17	0.048	0.048	0	0	0	0	0	0	0	0	0	0	0	0	0	0	1.66667	2	3	2	1.5	4	952692	0.342105	0.01	0
0	0	0	0	0	2	16	3	181	0.913	0.913	0	0	0	0	0	0	0	0	0	0	0	0	0	0	1	0	0	2	0	0	1366279	0.37931	0.015	0
0	0	0	0	0	0	0	2	92	0.916	0.916	0	0	0	0	0	0	0	0	0	0	0	0	0	0	3.66667	15	8	3	9.5	5	258725	0.285714	0.007	0
0	0	1	0	0	1	75	0	17	0.862	0.862	0	0	0	0	0	0	0	0	0	0	0	0	0	0	11	3	31	8	5	10	936224	0.170732	0.001	0
0	0	0	0	0	0	0	0	1	0	0	0	0	0	0	0	0	0	0	0	0	0	0	0	0	23	11	0	1	70.5	0	359132	0.586207	1	0
0	0	1	0	0	0	0	0	3	0.93	0.93	0	0	0	0	0	0	0	0	0	0	0	0	0	0	6.66667	9	2	1	26.5	2	2015676	0.134328	0.011	0
0	0	1	0	0	8	161	0	2	0.884	0.884	0	0	0	0	0	0	0	0	0	0	0	0	0	0	0.333333	0	1	0	0	2	2484467	6.25	0.138	0
0	0	0	0	0	0	0	0	16	0.925	0.925	0	0	0	0	0	0	0	0	0	0	0	0	0	0	7.33333	2	0	0	1	1	16556599	0.304348	0	0
0	0	0	0	0	0	0	1	26	0	0	0	0	0	0	0	0	0	0	0	0	0	0	0	0	0.666667	18	3	1	1.5	0	1267512	0.0909091	0	0
0	0	1	1	0	54	233	1	63	4115.95	0.679	0	0	0	0	0	0	0	0	0	0	0	0	0	0	4	14	2	0	17	3	174570	0.103448	0.098	0
0	1	1	0	0	0	0	0	18	0.687	0.687	0	0	0	0	0	0	0	0	0	0	0	0	0	0	18.3333	17	0	1	47.5	1	2474921	10.375	0	0
0	1	0	0	0	0	0	2	84	0.94	0.94	0	0	0	0	0	0	0	0	51	4115.4	0.61	0.59879	1.16E-05	-1	1.33333	2	3	1	4	0	11160764	0.27907	0.01	0
0	0	0	0	0	0	0	0	159	0.761	0.761	0	0	0	0	0	0	0	0	0	0	0	0	0	0	0.333333	2	4	2	0	12	2962229	0.0444444	0.007	0
0	0	0	0	0	0	0	1	61	0.807	0.807	1	1	0	0	1	2	77	2	63	4117.55	0.925	0.88502	2.37E-05	-1	80.3333	1	0	0	1	0	1041130	7	0.061	0
0	0	0	0	0	12	216	1	22	0.261	0.261	0	0	0	0	0	0	0	0	0	0	0	0	0	0	9.66667	12	6	2	4	1	128665	0.144578	0.003	0
0	0	0	0	0	3	70	0	2	0	0	0	0	0	0	0	0	0	0	0	0	0	0	0	0	0.333333	5	1	2	0	0	531969	9.33333	0	0
0	1	1	1	1	5	111	2	189	0.384	0.384	0	0	0	0	0	0	0	0	0	0	0	0	0	0	22.6667	27	33	20	16.5	24	6767295	0.189873	0	0
0	0	0	0	0	6	82	9	102	0.918	0.918	0	0	0	0	0	0	0	0	0	0	0	0	0	0	105	33	7	10	11	8	4219099	4.3	0.059	0
0	0	1	0	0	23	177	0	18	0.929	0.929	0	0	0	0	0	0	0	0	0	0	0	0	0	0	11.6667	8	4	3	55.5	0	146453	11	0	0
0	0	0	1	1	0	0	0	1	0.859	0.859	0	0	0	0	0	11	166	0	0	4115.48	0.706	2.8013	1.31E-03	1	14.6667	2	0	0	1.5	1	4271969	0.104651	0	0
1	0	1	0	0	8	161	4	101	4116.89	0.941	0	0	0	0	0	0	0	0	0	0	0	0	3.03e-05	0	13	0	0	0	0	0	1301085	9	0	0
0	1	1	0	0	0	0	0	21	0.832	0.832	0	0	0	0	0	0	0	0	0	0	0	0	0	0	2	37	0	2	9	1	296660	0.046875	0	0
0	0	0	0	0	0	0	0	19	0.752	0.752	0	0	0	0	0	0	0	0	0	0	0	0	0	0	23	3	0	0	20	0	504984	3.27273	0	0
0	0	1	0	0	0	0	0	5	0	0	0	0	0	0	0	0	0	0	0	0	0	0	0	0	4.66667	8	1	2	6.5	4	515924	10.4286	0.008	0
0	0	0	0	0	18	203	0	0	0.817	0.817	0	0	0	0	0	0	0	0	0	0	0	1.51491	9.28E-05	-1	31.3333	39	0	1	53	0	297935	0.156863	0	0
0	0	0	0	0	0	29	2	14	0.765	0.765	0	0	0	0	0	0	0	0	0	0	0	0	0	0	3	9	2	1	68.5	1	3438069	4.36364	0.176	0
0	1	0	1	0	15	191	10	263	0.67	0.67	0	0	0	0	0	0	0	0	0	0	0	0	0	0	79.3333	0	0	0	4	0	2300539	0.204082	0	0
0	0	0	0	0	0	0	0	2	0	0	0	0	0	0	0	0	0	0	0	0	0	0	0	0	25.3333	12	1	1	142	2	1045652	0.117647	0.002	0
0	0	1	0	0	0	0	0	10	0.929	0.929	0	0	0	0	0	0	0	0	0	0	0	0	0	0	144.333	9	0	0	32.5	0	503790	0.0857143	0.005	0
0	0	0	0	0	0	55	1	73	0.934	0.934	0	0	0	0	0	0	0	0	0	0	0	0	0	0	1.66667	2	1	5	0.5	1	308919	0.0952381	0.01	0
0	0	0	0	0	0	0	11	189	0	0	0	1	1	1	0	13	172	8	244	4115.05	0	3.80591	4.77E-03	-1	6.66667	1	1	2	1	1	490523	0.0625	0.033	0
0	0	0	0	1	0	0	0	15	0	0	0	0	0	0	0	0	0	0	0	0	0	0	0	0	9.66667	15	3	10	9	0	137675	0.807692	0.04	0
0	0	0	1	0	16	195	1	3	0.739	0.739	0	0	0	0	0	0	0	0	0	0	0	0	0	0	2	2	1	3	0	1	3901781	0.333333	0.001	0
1	0	0	0	0	10	181	4	144	0.52	0.52	0	0	0	0	0	0	0	0	0	0	0	0	0	0	1.66667	4	1	4	0.5	4	1601001	0.27027	0.011	0
0	0	0	0	1	7	138	5	105	0.735	0.735	0	0	0	0	0	0	0	0	0	0	0	0	0	0	0.333333	2	3	1	0	1	11894943	0.18	0.182	0
0	0	0	0	0	1	55	2	181	0	0	0	0	0	0	0	0	0	0	0	0	0	0	0	0	24.3333	11	9	10	9.5	15	1255130	0.196078	0.223	0
0	0	0	0	0	6	82	9	102	0.918	0.918	0	0	0	0	0	0	0	0	0	0	0	0	0	0	16.3333	55	7	7	10.5	5	4218645	4.55556	0	0
0	0	1	0	1	0	0	1	103	0.735	0.735	0	0	0	0	0	0	0	0	0	0	0	0	0	0	0	0	1	3	1.5	1	566014	0.333333	0	0
0	0	0	0	0	0	0	0	26	0.918	0.918	0	0	0	0	0	0	0	0	0	0	0	0	0	0	0	0	0	0	0	0	240626	6.27273	0.002	0
0	0	0	0	0	0	71	1	93	0.803	0.803	0	0	0	0	0	0	0	0	0	0	0	0	0	0	3	12	1	1	108.5	0	3317116	0.538462	0	0
0	0	0	0	0	0	0	2	6	0	0	0	0	0	0	0	0	0	0	0	0	0	0	0	0	0.333333	1	0	1	0	1	2158587	0.0833333	0.001	0
0	0	1	0	0	25	203	0	0	0.867	0.867	0	0	0	0	0	0	0	0	0	0	0	0	0	0	1.33333	9	1	1	55.5	3	1892303	9.75	0	0
0	0	0	0	0	0	0	0	0	0	0	0	0	0	0	0	0	0	0	0	0	0	0	0	0	0.333333	2	10	0	4	0	140637	8.1	0.221	0
0	0	0	0	0	0	0	0	0	0.57	0.57	0	0	0	0	0	0	0	1	23	4092.52	0.86	0	0.000223	0	83.3333	4	3	0	5.5	4	1064309	6	0.044	0
0	0	0	0	0	0	0	2	20	0.879	0.879	0	0	0	0	0	32	218	3	112	4105.31	0.754	0	0.000138	0	9.66667	2	4	4	1	5	3077763	8	0.125	0
0	0	0	0	0	0	0	0	11	0.801	0.801	0	1	1	1	0	1	120	1	4	3939.06	0.002	1.18062	3.34E-05	1	21.6667	16	172	17	13	23	7038263	10	0	0
0	0	0	0	0	0	0	0	36	0.447	0.447	0	0	0	0	0	0	0	0	0	0	0	0	0	0	4.66667	6	3	2	1	6	6184639	0.12987	0.008	0
0	0	1	1	0	6	82	2	125	0	0	0	0	0	0	0	0	0	0	0	0	0	2.39268	6.17E-05	1	3.33333	5	4	5	1.5	0	1606422	8.2	0.006	0
0	1	0	0	0	3	147	2	111	0.757	0.757	0	0	0	0	0	0	0	0	0	0	0	0	0	0	2.66667	5	1	8	0.5	0	922739	0.107143	0.079	0
0	0	1	0	0	2	105	39	339	4117.55	0.886	0	0	0	0	0	0	0	0	0	0	0	0	0	0	23.3333	41	0	3	32	1	491494	0.135802	0.002	0
0	0	1	0	0	0	0	0	24	0.913	0.913	0	0	0	0	0	0	0	0	0	0	0	0	0.000277	0	44.6667	11	4	5	1	2	896218	7.1	0.061	0
0	0	0	0	0	0	0	0	24	0.63	0.63	0	0	0	0	0	0	0	0	0	0	0	0	0	0	2.33333	1	1	2	2.5	0	6919919	8.28571	0.084	0
0	1	1	1	1	1	113	3	124	0.381	0.381	0	0	0	0	0	0	0	0	0	0	0	0	1.76e-05	0	9.66667	3	1	2	1.5	0	314994	9	0.01	0
0	0	1	0	0	0	0	0	2	0.448	0.448	0	0	0	0	0	0	0	0	0	0	0	0	0	0	3	2	3	0	0.5	3	1302480	0.0722892	0.1	0
0	1	1	0	0	1	51	4	103	0.316	0.316	0	0	0	0	0	0	0	0	0	0	0	0	0	0	19.3333	9	2	3	2	0	2405029	5.25	0.21	0
0	0	0	0	0	0	0	4	59	0.793	0.793	0	0	0	0	0	0	0	0	0	0	0	1.07486	5.85E-05	1	8.66667	0	1	1	1	1	286427	6.66667	0.365	0
0	0	0	0	0	24	223	15	311	4085.38	0.903	0	0	0	0	0	0	0	0	24	2677.62	0.874	1.34592	8.73E-05	-1	323	4	0	0	32.5	0	1041855	0.208333	0.001	0
0	1	1	1	0	26	215	0	2	0.923	0.923	0	0	0	0	0	0	0	0	0	0	0	0	0	0	63.6667	42	0	4	17.5	0	1385437	0.6	0.701	0
0	0	0	0	0	0	0	0	10	0.305	0.305	0	0	0	0	0	0	0	0	0	0	0	0	0	0	13.3333	19	2	0	134.5	1	1543590	0.163934	0.002	0
0	0	1	0	0	0	0	1	40	4099.53	0.89	0	0	0	0	0	0	0	0	0	0	0	0	0	0	1	10	2	2	22	0	644269	0.0779221	0.007	0
1	0	0	0	0	13	171	6	54	0.938	0.938	0	0	0	0	0	0	0	0	0	0	0	0	0	0	36.3333	55	44	81	29	31	24536	0.0740741	0.004	0
0	0	0	0	1	1	80	35	306	0	0	0	0	0	0	0	0	0	0	0	0	0	0	0	0	1.33333	6	0	0	3.5	0	3662817	2.14286	0.001	0
0	0	0	0	0	0	0	1	5	0.479	0.479	0	0	0	0	0	0	0	0	0	0	0	0	0	0	5.33333	7	2	1	19.5	2	300474	0.0945946	0	0
0	0	1	0	0	10	182	0	0	0.389	0.389	0	0	0	0	0	0	0	0	0	0	0	0	9.62e-05	0	72	1	1	0	4.5	0	9912489	0.1	0	0
0	0	0	0	0	0	0	0	0	0.929	0.929	0	0	0	0	0	0	0	0	0	0	0	0	0	0	5	9	5	3	1.5	1	2286132	0.388889	0.077	0
0	0	1	0	0	5	102	0	154	3922.22	0.613	0	0	0	0	0	0	0	0	0	0	0	0	0	0	1.66667	10	1	0	1.5	3	3753837	9.44444	0	0
0	0	0	1	1	0	0	3	112	0.927	0.927	0	0	0	0	0	0	0	0	0	0	0	0	0	0	1.33333	14	1	1	1	0	763322	7.33333	0.001	0
0	0	0	0	0	0	0	0	6	0.849	0.849	0	0	0	0	0	0	0	0	0	0	0	0	0	0	12	26	14	3	15.5	3	947660	0.20339	0	0
0	0	0	0	0	1	142	0	0	0.366	0.366	0	0	0	0	0	0	0	0	0	0	0	0	0	0	2	1	2	3	0	0	6704704	0.5	0.03	0
1	0	0	0	0	1	1	1	38	3809.16	0.929	0	0	0	0	0	0	0	0	0	0	0	0	0	0	3	3	0	2	45	2	739434	0.15625	0.022	0
0	0	0	0	0	0	27	0	0	0	0	0	0	0	0	0	0	0	0	0	0	0	0	0	0	0.333333	3	2	4	0	0	148288	0.103448	0.001	0
0	0	0	0	0	0	0	0	11	0.827	0.827	0	0	0	0	0	0	0	0	0	0	0	0	0	0	4.33333	6	7	3	1	2	2676400	0.0897436	0	0
0	0	1	0	0	0	0	0	5	0.397	0.397	0	0	0	0	0	0	0	0	0	0	0	0	0	0	35.3333	2	0	1	44	0	199235	1.94118	0	0
0	0	0	0	0	0	0	1	37	0.911	0.911	0	0	0	0	0	0	0	0	0	0	0	0	0	0	1.66667	7	1	1	79.5	0	434004	6.5	0	0
0	0	0	0	0	0	0	0	3	0.907	0.907	0	0	0	0	0	0	0	0	0	0	0	0	9.51e-05	0	115.667	4	3	2	142.5	1	2976204	1.69231	0	0
0	0	0	0	0	0	0	0	6	0	0	0	0	0	0	0	0	0	0	0	0	0	0	0	0	3	15	3	4	5	1	5234747	0.104478	0.668	0
0	0	0	0	0	0	0	0	76	0	0	0	0	0	0	0	0	0	0	0	0	0	0	0	0	6.33333	26	1	0	113	1	536588	0.4	0	0
0	0	0	0	0	1	55	2	181	0	0	0	0	0	0	0	0	0	0	0	0	0	0	0	0	17.3333	54	32	84	21	37	34419	8	0.004	0
0	0	0	0	0	0	0	0	0	0.916	0.916	0	0	0	0	0	0	0	0	0	0	0	0	0	0	2.66667	3	3	1	24.5	2	230981	0.119048	0	0
0	0	1	0	0	1	75	0	17	0.862	0.862	0	0	0	0	0	0	0	0	0	0	0	0	0	0	13.3333	33	26	9	4.5	18	1222308	0.0804598	0	0
0	1	1	0	0	0	0	3	123	0.859	0.859	0	0	1	0	0	2	105	39	339	4117.55	0.886	2.40433	4.13E-07	1	53	14	0	0	29	2	951854	9	0.001	0
0	1	0	0	1	5	152	2	107	0.772	0.772	0	0	0	0	0	0	0	0	0	0	0	0	0	0	1	1	8	1	21.5	1	97103	8.5	0	0
0	1	0	0	0	0	0	3	207	0.144	0.144	0	0	0	0	0	0	0	0	0	0	0	0	0	0	1.66667	23	2	18	2	2	1139865	1.53846	0	0
0	0	1	0	0	12	197	0	0	0.485	0.485	0	0	0	0	0	0	0	0	0	0	0	0	0	0	3.66667	9	2	2	32	1	511333	0.26087	0.17	0
0	0	0	0	0	0	0	0	14	0	0	0	0	0	0	0	0	0	0	11	4115.16	0.744	1.29969	1.70E-05	-1	36	4	1	1	2	1	533986	0.119048	0	0
0	1	1	0	0	32	205	0	44	0	0	0	0	0	0	0	0	0	0	0	0	0	0	0	0	1.33333	2	1	4	2	0	915058	0.0897436	0	0
0	0	0	0	0	0	0	0	6	0	0	0	0	0	0	0	0	0	0	0	0	0	0	0	0	0.333333	4	0	3	7.5	2	137641	0.22	0.01	0
1	1	1	1	0	34	209	5	196	4117.55	0	0	0	0	0	0	0	0	0	0	0	0	0	0	0	9.66667	58	4	29	225.5	1	1481	1.23529	0	0
0	0	0	0	0	0	0	1	20	0.89	0.89	0	0	0	0	0	0	0	0	0	0	0	0	0	0	41.6667	16	1	1	126	1	1040540	0.0930233	0.13	0
0	1	0	0	0	5	185	1	6	0	0	0	0	0	0	0	0	0	0	0	0	0	0	0	0	0.666667	2	0	0	1.5	1	824465	5.63636	0.006	0
0	0	1	0	0	1	49	0	0	0.203	0.203	0	0	0	0	0	0	0	0	0	0	0	0	0	0	29.6667	50	43	18	21	25	6510331	0.195122	0.066	0
0	0	0	0	0	0	0	7	147	0.768	0.768	0	0	0	0	0	0	0	0	0	0	0	1.59945	1.53E-04	1	125.333	24	1	1	7.5	0	4184318	4.27273	0.004	0
0	0	0	0	0	0	0	0	1	0.226	0.226	0	0	0	0	0	0	0	0	0	0	0	0	0	0	11	11	17	9	6	6	4338879	4.85714	0.035	0
0	0	0	0	0	0	0	1	58	0.387	0.387	0	0	0	0	0	0	0	0	0	0	0	0	0	0	10.6667	19	8	4	4.5	5	4534567	0.20339	0.001	0
0	0	0	0	0	0	0	0	145	0.769	0.769	0	0	0	0	0	0	0	0	0	0	0	0	0	0	4.33333	9	2	2	184.5	3	2447204	0.1	0.019	0
0	0	0	0	0	0	0	0	4	0.451	0.451	0	0	0	0	0	5	138	1	65	4106.04	0.102	2.01394	1.92E-04	-1	57	7	1	0	64.5	1	182486	1.5	0	0
1	0	1	0	0	4	148	4	187	0.767	0.767	0	0	0	0	0	0	0	0	0	0	0	1.33653	1.53E-05	1	195.667	2	0	1	1.5	0	1244091	8.2	1	0
0	0	1	0	0	0	0	1	47	0.28	0.28	0	1	1	1	0	13	172	8	244	4115.05	0	2.00597	3.33E-04	1	13.6667	12	0	1	111.5	1	682071	0.126984	0.001	0
0	0	0	0	0	0	0	0	1	0.926	0.926	0	0	0	0	0	23	174	1	179	4052.25	0.578	0	0.000171	0	6	1	2	3	0	2	3128002	7.625	0	0
0	0	1	0	0	14	171	3	107	0	0	0	0	0	0	0	0	0	0	0	0	0	0	0	0	1.33333	0	0	3	0	0	330569	0.0666667	0.083	0
0	0	1	1	0	0	19	0	144	0.846	0.846	0	0	0	0	0	0	0	0	0	0	0	0	0	0	2	11	1	4	60.5	2	1697744	1	0	0
0	1	0	0	0	9	207	0	164	0.793	0.793	0	0	0	0	0	0	0	0	0	0	0	0	0	0	2.66667	6	1	2	25.5	0	552351	5.16667	0	0
0	1	0	0	0	0	0	0	4	0.692	0.692	0	0	0	0	0	0	0	0	0	0	0	0	0	0	1.33333	4	1	0	26.5	3	2394935	4.71429	0.005	0
0	0	0	0	0	0	0	1	14	0.87	0.87	0	0	0	0	0	0	0	0	0	0	0	0	0	0	0	2	0	0	0	0	1839716	10.375	0.233	0
0	0	0	0	0	0	0	0	8	0.806	0.806	0	0	0	0	0	0	0	0	0	0	0	0	0	0	1.66667	2	0	1	0	0	402590	0.173913	0	0
0	0	0	0	0	0	1	0	33	0.659	0.659	0	0	0	0	0	0	0	0	0	0	0	0	0	0	11.3333	4	3	1	135.5	2	2801789	8.88889	0.001	0
1	0	0	0	0	1	120	4	124	0.934	0.934	0	0	0	0	0	0	0	0	0	0	0	0	0	0	1.66667	18	0	0	4.5	0	2726812	8.25	0.017	0
1	0	1	0	0	1	55	2	160	0.757	0.757	0	0	0	0	0	0	0	0	13	1828.81	0.898	0	0.000247	0	19	0	3	0	3	0	3456818	4.44444	0	0
0	0	1	1	0	21	200	0	19	0.93	0.93	0	0	0	0	0	0	0	0	17	649.354	0.33	0	0.000469	0	6	4	0	0	1	2	458021	2.36364	0	0
0	0	0	0	0	0	0	1	30	0.901	0.901	0	0	0	0	0	0	0	0	0	0	0	0	0	0	2.66667	17	4	6	2.5	0	270181	0.105882	0.213	0
0	0	0	0	0	0	0	1	21	4110.41	0.07	0	1	1	0	0	5	101	5	161	4081.8	0.938	1.57274	3.01E-06	1	83.6667	8	3	1	125.5	1	1471609	5.83333	0.908	0
0	0	1	0	0	0	0	0	68	0.84	0.84	0	0	0	0	0	0	0	0	0	0	0	0	0	0	0.666667	3	3	0	0	3	2436902	0.091954	0	0
0	0	0	0	0	0	0	1	76	0.114	0.114	0	0	0	0	0	0	0	0	0	0	0	0	0	0	68.3333	2	0	0	31	0	276136	0.458333	0	0
0	0	0	0	0	0	0	2	57	0	0	0	0	1	0	0	3	100	6	71	4115.48	0.823	1.75754	2.72E-04	-1	11.3333	0	2	1	3	2	810765	13.8	0.78	0
0	0	0	0	0	0	0	1	44	0	0	0	0	0	0	0	0	0	0	0	0	0	0	0	0	18	9	0	0	78	0	750360	2.7	0.288	0
0	1	0	0	0	10	202	0	5	0.847	0.847	0	0	0	0	0	0	0	0	0	0	0	0	0	0	13	9	6	3	3	6	2558567	1.5625	0	0
0	0	0	0	0	0	0	0	13	0.507	0.507	0	0	0	0	0	0	0	0	0	0	0	0	0	0	16.3333	15	7	130	11	9	1386157	0.148649	0	0
0	0	0	1	0	0	9	0	7	0.731	0.731	0	0	0	0	0	0	0	0	0	4115.3	0.878	0	3.2e-06	0	15.6667	4	0	0	73.5	1	565914	0.115942	0	0
0	0	1	0	0	0	100	1	15	0.708	0.708	0	0	0	0	0	0	0	0	0	0	0	0	0	0	1.66667	4	3	5	37	4	4222000	0.125	0.118	0
0	0	0	0	1	0	0	1	28	0.701	0.701	0	0	0	0	0	0	0	0	0	0	0	0	0	0	3	6	2	0	62	0	148518	0.0875	0	0
0	0	0	0	0	0	0	1	63	13.007	0.924	0	0	0	0	0	0	0	0	0	0	0	0	0	0	23.3333	4	2	1	2.5	0	498359	1.36364	0.407	0
0	0	0	0	0	0	0	1	43	0.841	0.841	0	0	0	0	0	0	0	2	60	4077.65	0.933	1.22886	2.31E-05	1	10.3333	2	4	3	113	1	710935	8.55556	0.014	0
0	0	0	0	0	1	43	0	0	0	0	0	0	0	0	0	0	0	0	0	0	0	0	0	0	7.33333	12	0	2	88	1	107253	0.269231	0	0
0	0	0	0	0	0	0	0	17	0.813	0.813	0	0	0	0	0	0	0	0	0	0	0	0	0	0	3.33333	1	9	4	5.5	2	3167486	4	0.355	0
1	0	1	0	0	18	203	4	87	0.941	0.941	0	0	0	0	0	0	0	0	0	0	0	0	0	0	2.66667	1	4	1	1.5	3	749584	0.857143	0.009	0
0	0	1	0	0	0	0	1	113	0.917	0.917	1	1	0	0	1	2	77	2	63	4117.55	0.925	1.56912	8.47E-07	-1	5	0	0	6	0.5	2	1897469	0.5	0	0
0	0	0	0	0	0	0	0	8	0	0	0	0	0	0	0	0	0	0	0	0	0	0	2.66e-05	0	6.33333	4	3	4	1	1	449916	7.8	0.364	0
0	0	0	0	0	0	0	0	7	0.803	0.803	0	0	0	0	0	0	0	0	0	0	0	0	0	0	1.66667	0	2	0	0.5	2	495837	2.64286	0.22	0
0	1	0	0	0	18	206	3	69	0	0	0	0	0	0	0	0	0	0	0	0	0	0	0	0	20	26	100	24	19	31	6026168	0.119403	0	0
0	0	1	0	0	0	0	0	0	0.905	0.905	0	0	0	0	0	0	0	0	0	0	0	0	0	0	1.66667	16	0	4	0	0	5401502	6.66667	0.225	0
0	0	0	0	0	0	0	1	50	0	0	0	0	0	0	0	0	0	0	0	0	0	0	0	0	10.3333	14	0	1	68.5	1	107106	0.0895522	0	0
0	0	0	0	0	0	0	0	1	0.173	0.173	0	0	0	0	0	0	0	0	0	0	0	0	0	0	0	0	2	0	0	0	7766975	5.125	0.03	0
0	0	0	0	0	0	0	0	20	0	0	0	0	1	0	0	0	0	1	20	1.244	0.84	2.0384	5.25E-04	1	49	1	3	2	0.5	2	2610862	0.0422535	0.206	0
0	0	0	0	0	1	39	0	11	0.891	0.891	0	0	0	0	0	0	0	0	0	0	0	0	0	0	109.333	6	0	1	60.5	0	177085	0.454545	0.529	0
0	0	0	0	0	0	0	0	24	0.581	0.581	0	0	0	0	0	0	0	0	0	0	0	0	0	0	9	17	20	19	10.5	10	6636447	8.375	0.002	0
0	0	1	0	0	0	0	0	19	0.5	0.5	0	0	0	0	0	0	0	0	0	0	0	0	0	0	1.66667	13	2	1	0	0	1336922	0.105882	0	0
0	0	0	0	0	1	14	0	0	0.563	0.563	0	0	0	0	0	0	0	0	0	0	0	0	0.000879	0	22.3333	7	0	1	2.5	0	1385682	0.9	0.002	0
0	0	0	0	0	23	174	1	18	8.187	0.724	0	0	0	0	0	15	197	0	49	4115.32	0.881	1.98381	7.98E-05	-1	125.667	10	0	0	82	0	103991	11.5	0.001	0
0	0	1	0	0	2	118	0	0	0.919	0.919	0	0	0	0	0	0	0	0	0	0	0	0	0	0	3.66667	14	2	2	5.5	2	447338	0.72	0.001	0
0	0	0	0	0	4	75	4	108	0.719	0.719	0	0	0	0	0	0	0	0	0	0	0	0	0	0	0	3	0	2	0	0	528966	5.9	0	0
0	0	0	0	0	0	0	1	43	0.416	0.416	0	0	0	0	0	0	0	0	0	0	0	0	0	0	0.333333	1	0	0	7	0	1991805	4	0.174	0
0	0	0	1	0	6	97	0	0	0.863	0.863	0	0	0	0	0	0	0	0	0	0	0	0	0	0	4.66667	7	0	0	24.5	0	3510230	12	0	0
0	0	0	0	0	0	0	0	17	0.903	0.903	0	0	0	0	0	0	0	0	0	0	0	0	0	0	3.66667	10	5	9	2.5	5	398626	13.5	0	0
0	0	1	0	0	0	13	1	66	0.329	0.329	0	0	0	0	0	0	0	0	0	0	0	0	0	0	2.66667	6	2	0	2.5	2	3270735	0.097561	0.245	0
0	1	1	0	0	0	0	3	123	0.859	0.859	0	0	0	0	0	0	0	0	0	0	0	0	0	0	2	7	2	1	2	0	952515	1.5	0.041	0
0	0	0	0	0	2	72	5	214	0.114	0.114	0	0	0	0	0	0	0	0	0	0	0	0	0	0	6	18	0	0	112	1	2991888	2.23529	0	0
0	0	0	0	0	0	0	0	0	0.215	0.215	0	0	0	0	0	0	0	0	0	0	0	0	0	0	4	11	1	1	177	0	618243	0.0821918	0	0
1	0	0	0	0	1	1	5	109	0.908	0.908	0	0	0	0	0	0	0	0	0	0	0	0	0	0	8	6	0	0	4	0	1057449	0.777778	0.197	0
1	1	1	0	1	1	1	4	247	0.777	0.777	0	0	0	0	0	0	0	0	0	0	0	0	0	0	9	32	0	3	4.5	1	69624	8.3	0	0
0	0	0	0	0	0	0	0	9	6.566	0.787	0	0	0	0	0	0	0	0	0	0	0	0	0	0	11.6667	17	0	3	70.5	0	319529	3.3	0.27	0
0	0	0	0	0	1	126	3	145	0.888	0.888	0	0	0	0	0	0	0	0	0	0	0	0	0	0	20.3333	12	50	24	16.5	20	6637152	7.18182	0	0
0	1	0	0	0	2	21	0	32	0	0	0	0	0	0	0	0	0	0	0	0	0	0	0	0	47.6667	4	1	2	109	0	1465890	8.88889	0	0
0	1	0	0	0	2	124	1	52	0.549	0.549	0	0	0	0	0	0	0	0	0	0	0	0	0	0	2.66667	4	1	1	1	0	471660	2.18182	0	0
0	0	0	0	0	0	126	1	41	0.921	0.921	0	0	0	0	0	0	0	0	0	0	0	0	0	0	41	3	0	0	7.5	0	396248	0.191489	0.039	0
0	0	0	0	0	0	1	1	156	0.348	0.348	0	0	1	0	0	0	0	2	27	4117.55	0.42	0	0.00041	0	11	1	0	1	1	1	264594	11.3333	0	0
0	0	0	0	0	0	0	1	24	0.749	0.749	0	0	0	0	0	0	0	0	0	0	0	0	0	0	20.6667	1	1	4	1	1	532061	8.77778	0.163	0
0	0	0	0	0	0	0	0	77	0.865	0.865	0	0	0	0	0	0	0	0	0	0	0	0	0	0	3	0	0	0	17	0	2480449	1.6	0.084	0
0	0	0	0	0	0	0	1	42	0.87	0.87	0	0	0	0	0	0	0	0	0	0	0	0	0	0	1	3	1	0	14	0	4183166	8.44444	0.001	0
0	0	0	0	0	0	0	1	28	0.849	0.849	0	0	1	0	0	0	0	0	153	2319.16	0.898	0.62279	1.28E-05	-1	29.6667	3	0	0	6.5	1	1876989	1.86957	0.089	0
0	0	0	0	0	0	0	2	56	4109.36	0.917	1	0	1	0	0	22	212	10	133	4114.88	0.565	3.40222	1.28E-03	-1	27.6667	4	2	2	0	2	4024209	0.551724	0.005	0
1	0	0	1	0	2	109	7	237	0.346	0.346	0	0	0	0	0	0	0	0	0	0	0	0	0	0	0.666667	0	1	2	0.5	0	2846806	11.5	0	0
0	0	0	0	0	0	0	0	5	0.888	0.888	0	0	0	0	0	0	0	0	0	0	0	0	0	0	4	6	2	0	30	1	268981	5.88889	0	0
0	0	1	0	0	0	0	0	46	0.661	0.661	0	0	0	0	0	0	0	0	0	0	0	0	0	0	1.33333	4	0	3	8.5	2	2447104	0.282051	0.001	0
0	1	1	0	0	8	160	0	7	0.728	0.728	0	0	0	0	0	0	0	0	0	0	0	1.44439	1.26E-04	-1	23.3333	4	2	4	1	1	2851120	0.76	0.003	0
0	0	0	0	0	0	0	0	34	0	0	0	0	0	0	0	0	0	0	0	0	0	0	0	0	0.333333	7	1	0	0.5	0	393070	0.0714286	0.001	0
0	0	1	0	0	0	0	0	24	1.108	0.184	0	0	0	0	0	0	0	0	0	0	0	0	0	0	5.66667	5	0	1	82	0	2571022	5.4	0.005	0
0	0	0	0	0	0	0	1	32	0	0	0	0	0	0	0	0	0	0	0	0	0	0	0	0	3	12	5	3	6	1	1287172	0.378378	0.013	0
0	0	0	0	0	0	0	1	5	0.818	0.818	0	0	0	0	0	0	0	0	9	6.566	0.787	0	0.0011	0	9.33333	0	4	3	2.5	0	4801204	0.111111	0	0
0	0	1	0	0	4	148	3	63	0.844	0.844	0	0	0	0	0	0	0	0	21	1290.34	0.662	1.14784	6.53E-05	-1	11	7	0	1	33	0	53558	0.76	0	0
0	0	0	0	0	0	0	2	72	0.717	0.717	0	0	0	0	0	0	0	0	0	0	0	0	0	0	2	1	3	1	1.5	2	239932	1.73333	0	0
0	1	0	1	0	0	47	6	217	0	0	0	0	0	0	0	0	0	0	0	0	0	0	0.000208	0	10.6667	0	1	0	0.5	0	3211460	4.375	0.022	0
0	0	0	0	0	0	0	1	47	0.851	0.851	0	0	0	0	0	0	0	0	0	0	0	0	0	0	3.66667	12	2	6	1	2	1070022	0.1125	0	0
0	0	0	0	0	7	201	2	122	0	0	0	0	0	0	0	0	0	0	0	0	0	0	0	0	5	2	5	3	1	1	1608832	7.625	0.001	0
0	0	0	0	0	0	50	0	7	0.927	0.927	0	0	0	0	0	0	0	0	0	0	0	0	0	0	1.33333	4	1	3	0.5	7	2332569	0.125	0.011	0
0	1	0	0	0	0	0	0	4	0.531	0.531	0	0	0	0	0	0	0	0	0	0	0	0	0	0	34.3333	31	0	0	3	0	128110	0.0853659	0.009	0
0	0	0	1	0	0	0	1	85	0.678	0.678	0	0	0	0	0	0	0	0	0	0	0	0	0	0	1.66667	32	1	4	1	1	539002	8.4	0.016	0
0	0	0	0	0	0	0	0	36	0	0	0	0	0	0	0	0	0	0	0	0	0	0	0	0	5.66667	16	2	2	1	1	470609	0.101449	0.045	0
0	0	0	0	0	0	0	0	2	0.936	0.936	0	0	0	0	0	0	0	0	0	0	0	0	0	0	12	37	0	0	69.5	0	13712708	2.82353	0.024	0
0	0	0	0	0	0	0	0	0	0.755	0.755	0	0	1	1	0	17	214	2	87	4105.1	0	0	0.000613	0	17.3333	1	3	3	1	1	9346	10.8571	0.207	0
0	1	1	0	0	9	202	21	261	0	0	0	0	0	0	0	0	0	0	0	0	0	0	0	0	84.3333	10	1	2	5	1	2028695	0.174603	0	0
0	0	0	0	0	0	0	0	145	0.917	0.917	0	0	0	0	0	0	0	0	0	0	0	0	0	0	0.333333	3	2	0	0.5	0	1708676	0.0617284	0	0
0	0	0	0	0	0	0	1	154	0.382	0.382	0	1	0	1	0	0	0	0	14	6.278	0	1.4927	2.34E-05	-1	10.6667	1	3	0	1.5	1	1785822	0.0697674	0	0
1	0	1	1	1	21	213	7	107	0.87	0.87	0	0	0	0	0	0	0	0	0	0	0	0	0	0	1.66667	1	1	3	5	2	2932757	7.55556	0.001	0
0	0	0	0	0	0	0	0	36	0.447	0.447	0	0	0	0	0	0	0	0	0	0	0	0	0	0	7.66667	3	5	7	2	3	6218489	0.809524	0.015	0
0	0	0	0	0	0	0	2	77	0.898	0.898	0	0	0	0	0	0	0	0	0	0	0	0	0	0	23.3333	81	23	45	21.5	15	232343	0.0909091	0	0
0	0	0	0	0	0	0	0	2	0.766	0.766	0	0	0	0	0	0	0	0	0	0	0	0	0	0	2.33333	14	5	3	3.5	3	146327	8.1	0	0
0	1	0	0	1	0	0	3	212	0.935	0.935	0	0	0	0	0	0	0	0	0	0	0	0	0	0	0.666667	4	0	1	42	1	580086	0.12	0.014	0
0	0	0	0	0	0	23	0	0	0	0	0	0	0	0	0	0	0	0	4	4115.16	0.823	0.64782	1.20E-05	-1	16	20	1	1	15	3	255707	0.0681818	0.001	0
0	0	0	0	0	0	47	0	1	0.931	0.931	0	0	0	0	0	0	0	0	23	3947.56	0.454	1.37249	1.06E-04	-1	11.6667	6	1	11	0.5	0	71223	0.0454545	0.015	0
0	0	1	0	0	3	174	3	66	0.505	0.505	0	0	0	0	0	0	0	0	0	0	0	0	0	0	3.33333	16	2	3	3	0	879740	0.285714	0	0
0	0	0	0	0	0	0	0	28	0.746	0.746	0	0	0	0	0	0	0	0	0	0	0	0	0.000558	0	33.6667	38	38	72	17	12	591499	0.119403	0.002	0
0	0	0	0	0	0	0	2	30	0.878	0.878	0	0	0	0	0	0	0	0	0	0	0	0	0	0	88.6667	1	0	0	22.5	0	244128	0.123457	0.007	0
0	0	0	0	0	0	0	0	36	0	0	0	0	0	0	0	0	0	0	0	0	0	0	0	0	7	27	2	10	1	4	300731	0.119403	0.002	0
0	0	0	0	0	0	3	0	0	0.81	0.81	0	0	0	0	0	0	0	0	0	0	0	0	0	0	122.333	11	2	0	7.5	1	244325	0.0847458	0.001	0
